,name,year,price,kms,fuel,seller_type,transmission,owner,mileage,engine_cc,horsepower,torque,seats,cluster
41,Jeep Compass 1.4 Limited Plus BSIV,2019.0,210000.0,5000.0,Petrol,Individual,Automatic,First Owner,16.0,1368.0,160.0,250Nm@ 1750-2500rpm,5.0,4
49,Mercedes-Benz B Class B180,2014.0,145000.0,27800.0,Diesel,Dealer,Automatic,Second Owner,14.0,2143.0,120.0,200Nm@ 1250-4000rpm,5.0,4
57,Audi A6 2.0 TDI Technology,2013.0,175000.0,33900.0,Diesel,Dealer,Automatic,Second Owner,17.0,1968.0,174.0,380Nm@ 1750-2500rpm,5.0,4
58,Toyota Corolla Altis 1.8 VL CVT,2018.0,159000.0,25000.0,Petrol,Dealer,Automatic,First Owner,14.0,1798.0,138.0,173Nm@ 4000rpm,5.0,4
59,Audi A6 2.0 TDI  Design Edition,2013.0,168999.9,50000.0,Diesel,Dealer,Automatic,First Owner,18.0,1968.0,187.0,400Nm@ 1750-3000rpm,5.0,4
60,Mercedes-Benz New C-Class 220 CDI AT,2013.0,142500.0,59000.0,Diesel,Dealer,Automatic,First Owner,14.0,2143.0,170.0,400Nm@ 1400-2800rpm,5.0,4
82,BMW X1 sDrive20i xLine,2016.0,250000.0,30000.0,Petrol,Individual,Automatic,Second Owner,15.0,1998.0,189.0,280Nm@ 1350-4600rpm,5.0,4
110,Mahindra XUV500 W11 Option AWD,2019.0,170000.0,32000.0,Diesel,Individual,Manual,First Owner,15.0,2179.0,155.0,360Nm@ 1750-2800rpm,7.0,4
131,Audi Q5 35TDI Premium Plus,2018.0,397500.0,31800.0,Diesel,Dealer,Automatic,First Owner,17.0,1968.0,188.0,400nm@ 1750-3000rpm,5.0,4
132,Lexus ES 300h,2019.0,515000.0,20000.0,Petrol,Dealer,Automatic,First Owner,22.0,2487.0,214.0,202Nm@ 3600-5200rpm,5.0,4
133,Jaguar XF 2.0 Diesel Portfolio,2017.0,320000.0,45000.0,Diesel,Dealer,Automatic,First Owner,19.0,1999.0,177.0,430Nm@ 1750-2500rpm,5.0,4
134,Jeep Wrangler 2016-2019 3.6 4X4,2017.0,410000.0,17000.0,Petrol,Individual,Automatic,First Owner,9.0,3604.0,280.0,347Nm@ 4300rpm,5.0,4
135,Land Rover Discovery Sport TD4 SE,2019.0,450000.0,21000.0,Diesel,Dealer,Automatic,First Owner,12.0,1999.0,148.0,382nm@ 1750-2250rpm,7.0,4
136,Mercedes-Benz S-Class S 350 CDI,2017.0,600000.0,37000.0,Diesel,Dealer,Automatic,First Owner,13.0,2987.0,254.0,620Nm@ 1600-2400rpm,5.0,4
137,BMW 5 Series 520d Sport Line,2018.0,379000.0,29500.0,Diesel,Dealer,Automatic,First Owner,22.0,1995.0,187.0,400Nm@ 1750-2500rpm,5.0,4
139,BMW X4 M Sport X xDrive20d,2019.0,580000.0,7500.0,Diesel,Dealer,Automatic,First Owner,16.0,1995.0,190.0,400Nm@ 1750-2500rpm,5.0,4
140,Skoda Superb LK 1.8 TSI AT,2018.0,186499.9,50000.0,Petrol,Dealer,Automatic,First Owner,14.0,1798.0,177.0,250@ 1250-5000rpm,5.0,4
141,Mercedes-Benz E-Class E250 Edition E,2016.0,270000.0,35000.0,Diesel,Dealer,Automatic,First Owner,15.0,2143.0,204.0,500Nm@ 1600-1800rpm,5.0,4
145,Volvo XC40 D4 R-Design,2018.0,340000.0,22000.0,Diesel,Dealer,Automatic,First Owner,18.0,1969.0,190.0,400Nm,5.0,4
146,Audi Q7 35 TDI Quattro Premium,2015.0,265000.0,53000.0,Diesel,Dealer,Automatic,First Owner,12.0,2967.0,241.0,550Nm@ 1750-2750rpm,7.0,4
148,Mercedes-Benz S-Class S 350 CDI,2017.0,585000.0,47000.0,Diesel,Dealer,Automatic,First Owner,13.0,2987.0,282.0,490Nm@ 1600rpm,5.0,4
151,Jaguar XE 2016-2019 2.0L Diesel Prestige,2017.0,262500.0,9000.0,Diesel,Dealer,Automatic,First Owner,13.0,1999.0,177.0,430Nm@ 1750-2500rpm,5.0,4
156,Mercedes-Benz CLA 200 CGI Sport,2018.0,255000.0,18000.0,Petrol,Dealer,Automatic,First Owner,15.0,1991.0,183.0,300Nm@ 1200-4000rpm,5.0,4
158,Mercedes-Benz New C-Class C 200 AVANTGARDE,2017.0,270000.0,16000.0,Petrol,Dealer,Automatic,First Owner,14.0,1991.0,181.0,300Nm@ 1200-1400rpm,5.0,4
165,BMW 3 Series 320d Luxury Line,2016.0,215000.0,30000.0,Diesel,Dealer,Automatic,First Owner,22.0,1995.0,190.0,400Nm@ 1750-2500rpm,5.0,4
166,Toyota Camry 2.5 Hybrid,2016.0,190000.0,41000.0,Petrol,Dealer,Automatic,First Owner,19.0,2494.0,157.0,213Nm@ 4500rpm,5.0,4
167,BMW 5 Series 520d Luxury Line,2016.0,290000.0,12000.0,Diesel,Dealer,Automatic,First Owner,18.0,1995.0,190.0,400Nm@ 1750-2500rpm,5.0,4
170,Volvo XC90 T8 Excellence BSIV,2017.0,1000000.0,30000.0,Petrol,Individual,Automatic,First Owner,42.0,1969.0,400.0,640Nm@ 1740rpm,4.0,4
212,Tata Hexa XE,2019.0,125000.0,15000.0,Diesel,Individual,Manual,First Owner,17.0,2179.0,147.0,320Nm@ 1500-3000rpm,7.0,4
257,Tata Hexa XTA,2017.0,138000.0,50000.0,Diesel,Individual,Automatic,First Owner,17.0,2179.0,153.0,400Nm@ 1750-2500rpm,7.0,4
288,Mercedes-Benz GL-Class 220d 4MATIC Sport,2018.0,460000.0,7976.0,Diesel,Individual,Automatic,First Owner,17.0,2143.0,170.0,400Nm@ 1400-2800rpm,5.0,4
350,Toyota Fortuner 2.8 2WD MT BSIV,2018.0,300000.0,35000.0,Diesel,Individual,Manual,First Owner,14.0,2755.0,174.0,420Nm@ 1400-2600rpm,7.0,4
362,Mercedes-Benz New C-Class 220 CDI AT,2013.0,155000.0,25000.0,Diesel,Individual,Automatic,First Owner,14.0,2143.0,170.0,400Nm@ 1400-2800rpm,5.0,4
369,Volkswagen GTI 1.8 TSI,2016.0,80000.0,70000.0,Petrol,Individual,Automatic,First Owner,16.0,1798.0,189.0,250Nm@ 1250-5300rpm,5.0,4
370,Jaguar XE 2016-2019 2.0L Diesel Prestige,2017.0,262500.0,9000.0,Diesel,Dealer,Automatic,First Owner,13.0,1999.0,177.0,430Nm@ 1750-2500rpm,5.0,4
371,Lexus ES 300h,2019.0,515000.0,20000.0,Petrol,Dealer,Automatic,First Owner,22.0,2487.0,214.0,202Nm@ 3600-5200rpm,5.0,4
372,Jaguar XF 2.0 Diesel Portfolio,2017.0,320000.0,45000.0,Diesel,Dealer,Automatic,First Owner,19.0,1999.0,177.0,430Nm@ 1750-2500rpm,5.0,4
374,Volvo XC40 D4 Inscription BSIV,2019.0,380000.0,20000.0,Diesel,Individual,Automatic,First Owner,18.0,1969.0,190.0,400Nm,5.0,4
375,Toyota Camry 2.5 Hybrid,2016.0,200000.0,68089.0,Petrol,Trustmark Dealer,Automatic,First Owner,19.0,2494.0,157.0,213Nm@ 4500rpm,5.0,4
384,BMW X4 M Sport X xDrive20d,2019.0,540000.0,7500.0,Diesel,Dealer,Automatic,First Owner,16.0,1995.0,190.0,400Nm@ 1750-2500rpm,5.0,4
385,BMW X4 M Sport X xDrive20d,2019.0,550000.0,8500.0,Diesel,Dealer,Automatic,First Owner,16.0,1995.0,190.0,400Nm@ 1750-2500rpm,5.0,4
388,Volvo V40 D3 R-Design,2018.0,247500.0,2000.0,Diesel,Dealer,Automatic,First Owner,16.0,1984.0,150.0,350Nm@ 1500-2750rpm,5.0,4
404,Mahindra XUV500 AT W10 AWD,2016.0,129000.0,50000.0,Diesel,Individual,Automatic,First Owner,16.0,2179.0,140.0,330Nm@ 1600-2800rpm,7.0,4
409,Jaguar XE 2016-2019 2.0L Diesel Prestige,2017.0,262500.0,9000.0,Diesel,Dealer,Automatic,First Owner,13.0,1999.0,177.0,430Nm@ 1750-2500rpm,5.0,4
410,Lexus ES 300h,2019.0,515000.0,20000.0,Petrol,Dealer,Automatic,First Owner,22.0,2487.0,214.0,202Nm@ 3600-5200rpm,5.0,4
411,Jaguar XF 2.0 Diesel Portfolio,2017.0,320000.0,45000.0,Diesel,Dealer,Automatic,First Owner,19.0,1999.0,177.0,430Nm@ 1750-2500rpm,5.0,4
413,Volvo XC40 D4 Inscription BSIV,2019.0,380000.0,20000.0,Diesel,Individual,Automatic,First Owner,18.0,1969.0,190.0,400Nm,5.0,4
414,Toyota Camry 2.5 Hybrid,2016.0,200000.0,68089.0,Petrol,Trustmark Dealer,Automatic,First Owner,19.0,2494.0,157.0,213Nm@ 4500rpm,5.0,4
423,BMW X4 M Sport X xDrive20d,2019.0,540000.0,7500.0,Diesel,Dealer,Automatic,First Owner,16.0,1995.0,190.0,400Nm@ 1750-2500rpm,5.0,4
424,BMW X4 M Sport X xDrive20d,2019.0,550000.0,8500.0,Diesel,Dealer,Automatic,First Owner,16.0,1995.0,190.0,400Nm@ 1750-2500rpm,5.0,4
427,Volvo V40 D3 R-Design,2018.0,247500.0,2000.0,Diesel,Dealer,Automatic,First Owner,16.0,1984.0,150.0,350Nm@ 1500-2750rpm,5.0,4
452,Tata Hexa XT,2018.0,152500.0,50000.0,Diesel,Individual,Manual,First Owner,17.0,2179.0,153.0,400Nm@ 1750-2500rpm,7.0,4
526,Jeep Compass 2.0 Longitude Option BSIV,2018.0,160000.0,14000.0,Diesel,Individual,Manual,First Owner,17.0,1956.0,170.0,350Nm@ 1750-2500rpm,5.0,4
550,Toyota Innova Crysta 2.8 ZX AT BSIV,2016.0,180000.0,30000.0,Diesel,Individual,Automatic,First Owner,11.0,2755.0,171.0,360Nm@ 1200-3400rpm,7.0,4
569,Jeep Compass 2.0 Limited,2017.0,165000.0,50000.0,Diesel,Individual,Manual,First Owner,17.0,1956.0,170.0,350Nm@ 1750-2500rpm,5.0,4
646,Jaguar XE 2016-2019 2.0L Diesel Prestige,2017.0,262500.0,9000.0,Diesel,Dealer,Automatic,First Owner,13.0,1999.0,177.0,430Nm@ 1750-2500rpm,5.0,4
647,Lexus ES 300h,2019.0,515000.0,20000.0,Petrol,Dealer,Automatic,First Owner,22.0,2487.0,214.0,202Nm@ 3600-5200rpm,5.0,4
648,Jaguar XF 2.0 Diesel Portfolio,2017.0,320000.0,45000.0,Diesel,Dealer,Automatic,First Owner,19.0,1999.0,177.0,430Nm@ 1750-2500rpm,5.0,4
650,Volvo XC40 D4 Inscription BSIV,2019.0,380000.0,20000.0,Diesel,Individual,Automatic,First Owner,18.0,1969.0,190.0,400Nm,5.0,4
651,Toyota Camry 2.5 Hybrid,2016.0,200000.0,68089.0,Petrol,Trustmark Dealer,Automatic,First Owner,19.0,2494.0,157.0,213Nm@ 4500rpm,5.0,4
660,BMW X4 M Sport X xDrive20d,2019.0,540000.0,7500.0,Diesel,Dealer,Automatic,First Owner,16.0,1995.0,190.0,400Nm@ 1750-2500rpm,5.0,4
661,BMW X4 M Sport X xDrive20d,2019.0,550000.0,8500.0,Diesel,Dealer,Automatic,First Owner,16.0,1995.0,190.0,400Nm@ 1750-2500rpm,5.0,4
664,Volvo V40 D3 R-Design,2018.0,247500.0,2000.0,Diesel,Dealer,Automatic,First Owner,16.0,1984.0,150.0,350Nm@ 1500-2750rpm,5.0,4
681,Mercedes-Benz E-Class E250 CDI Avantgarde,2016.0,300000.0,40000.0,Diesel,Individual,Automatic,First Owner,13.0,2143.0,204.0,500Nm@ 1600-1800rpm,5.0,4
742,Mahindra XUV500 W10 2WD,2017.0,162500.0,54000.0,Diesel,Individual,Manual,First Owner,16.0,2179.0,140.0,330Nm@ 1600-2800rpm,7.0,4
829,Mahindra XUV500 W10 1.99 mHawk,2016.0,116500.0,50000.0,Diesel,Individual,Manual,First Owner,16.0,1997.0,140.0,320Nm@ 1600-2800rpm,7.0,4
906,Audi A4 2.0 TDI,2014.0,160000.0,44000.0,Diesel,Individual,Automatic,Second Owner,16.0,1968.0,147.0,320Nm@ 1750-2500rpm,5.0,4
970,Toyota Innova Crysta 2.8 GX AT BSIV,2018.0,174500.0,10000.0,Diesel,Individual,Automatic,First Owner,11.0,2755.0,171.0,360Nm@ 1200-3400rpm,7.0,4
1057,BMW X6 xDrive30d,2013.0,375000.0,56000.0,Diesel,Dealer,Automatic,First Owner,11.0,2993.0,241.0,540Nm@ 2000rpm,4.0,4
1060,Mercedes-Benz E-Class E250 CDI Avantgarde,2016.0,290000.0,31000.0,Diesel,Dealer,Automatic,First Owner,13.0,2143.0,204.0,500Nm@ 1600-1800rpm,5.0,4
1063,Toyota Corolla Altis 1.8 G,2018.0,140000.0,13534.0,Petrol,Dealer,Manual,First Owner,14.0,1798.0,138.0,173Nm@ 4000rpm,5.0,4
1064,Toyota Corolla Altis 1.8 VL AT,2017.0,145000.0,7000.0,Petrol,Dealer,Automatic,Second Owner,14.0,1794.0,138.0,173Nm@ 4000rpm,5.0,4
1065,Mercedes-Benz GLA Class 200 CDI SPORT,2017.0,270000.0,23000.0,Diesel,Dealer,Automatic,First Owner,17.0,2143.0,136.0,300Nm@ 1600-3000rpm,5.0,4
1066,Toyota Innova Crysta 2.8 GX AT 8S BSIV,2019.0,192500.0,43000.0,Diesel,Dealer,Automatic,First Owner,11.0,2755.0,171.0,360Nm@ 1200-3400rpm,8.0,4
1071,BMW 6 Series GT 630d Luxury Line,2018.0,600000.0,28156.0,Diesel,Dealer,Automatic,First Owner,17.0,2993.0,261.0,620Nm@ 2000-2500rpm,4.0,4
1073,Toyota Fortuner 2.8 2WD AT BSIV,2018.0,294000.0,100000.0,Diesel,Dealer,Automatic,First Owner,12.0,2755.0,174.0,450Nm@ 1600-2400rpm,7.0,4
1077,Jaguar XE 2016-2019 2.0L Diesel Prestige,2017.0,262500.0,9000.0,Diesel,Dealer,Automatic,First Owner,13.0,1999.0,177.0,430Nm@ 1750-2500rpm,5.0,4
1078,Lexus ES 300h,2019.0,515000.0,20000.0,Petrol,Dealer,Automatic,First Owner,22.0,2487.0,214.0,202Nm@ 3600-5200rpm,5.0,4
1079,Jaguar XF 2.0 Diesel Portfolio,2017.0,320000.0,45000.0,Diesel,Dealer,Automatic,First Owner,19.0,1999.0,177.0,430Nm@ 1750-2500rpm,5.0,4
1081,Volvo XC40 D4 Inscription BSIV,2019.0,380000.0,20000.0,Diesel,Individual,Automatic,First Owner,18.0,1969.0,190.0,400Nm,5.0,4
1082,Toyota Camry 2.5 Hybrid,2016.0,200000.0,68089.0,Petrol,Trustmark Dealer,Automatic,First Owner,19.0,2494.0,157.0,213Nm@ 4500rpm,5.0,4
1091,BMW X4 M Sport X xDrive20d,2019.0,540000.0,7500.0,Diesel,Dealer,Automatic,First Owner,16.0,1995.0,190.0,400Nm@ 1750-2500rpm,5.0,4
1092,BMW X4 M Sport X xDrive20d,2019.0,550000.0,8500.0,Diesel,Dealer,Automatic,First Owner,16.0,1995.0,190.0,400Nm@ 1750-2500rpm,5.0,4
1095,Volvo V40 D3 R-Design,2018.0,247500.0,2000.0,Diesel,Dealer,Automatic,First Owner,16.0,1984.0,150.0,350Nm@ 1500-2750rpm,5.0,4
1096,Jaguar XE 2016-2019 2.0L Diesel Prestige,2017.0,262500.0,9000.0,Diesel,Dealer,Automatic,First Owner,13.0,1999.0,177.0,430Nm@ 1750-2500rpm,5.0,4
1097,Lexus ES 300h,2019.0,515000.0,20000.0,Petrol,Dealer,Automatic,First Owner,22.0,2487.0,214.0,202Nm@ 3600-5200rpm,5.0,4
1098,Jaguar XF 2.0 Diesel Portfolio,2017.0,320000.0,45000.0,Diesel,Dealer,Automatic,First Owner,19.0,1999.0,177.0,430Nm@ 1750-2500rpm,5.0,4
1100,Volvo XC40 D4 Inscription BSIV,2019.0,380000.0,20000.0,Diesel,Individual,Automatic,First Owner,18.0,1969.0,190.0,400Nm,5.0,4
1101,Toyota Camry 2.5 Hybrid,2016.0,200000.0,68089.0,Petrol,Trustmark Dealer,Automatic,First Owner,19.0,2494.0,157.0,213Nm@ 4500rpm,5.0,4
1110,BMW X4 M Sport X xDrive20d,2019.0,540000.0,7500.0,Diesel,Dealer,Automatic,First Owner,16.0,1995.0,190.0,400Nm@ 1750-2500rpm,5.0,4
1111,BMW X4 M Sport X xDrive20d,2019.0,550000.0,8500.0,Diesel,Dealer,Automatic,First Owner,16.0,1995.0,190.0,400Nm@ 1750-2500rpm,5.0,4
1114,Volvo V40 D3 R-Design,2018.0,247500.0,2000.0,Diesel,Dealer,Automatic,First Owner,16.0,1984.0,150.0,350Nm@ 1500-2750rpm,5.0,4
1115,Jaguar XE 2016-2019 2.0L Diesel Prestige,2017.0,262500.0,9000.0,Diesel,Dealer,Automatic,First Owner,13.0,1999.0,177.0,430Nm@ 1750-2500rpm,5.0,4
1116,Lexus ES 300h,2019.0,515000.0,20000.0,Petrol,Dealer,Automatic,First Owner,22.0,2487.0,214.0,202Nm@ 3600-5200rpm,5.0,4
1117,Jaguar XF 2.0 Diesel Portfolio,2017.0,320000.0,45000.0,Diesel,Dealer,Automatic,First Owner,19.0,1999.0,177.0,430Nm@ 1750-2500rpm,5.0,4
1119,Volvo XC40 D4 Inscription BSIV,2019.0,380000.0,20000.0,Diesel,Individual,Automatic,First Owner,18.0,1969.0,190.0,400Nm,5.0,4
1120,Toyota Camry 2.5 Hybrid,2016.0,200000.0,68089.0,Petrol,Trustmark Dealer,Automatic,First Owner,19.0,2494.0,157.0,213Nm@ 4500rpm,5.0,4
1129,BMW X4 M Sport X xDrive20d,2019.0,540000.0,7500.0,Diesel,Dealer,Automatic,First Owner,16.0,1995.0,190.0,400Nm@ 1750-2500rpm,5.0,4
1130,BMW X4 M Sport X xDrive20d,2019.0,550000.0,8500.0,Diesel,Dealer,Automatic,First Owner,16.0,1995.0,190.0,400Nm@ 1750-2500rpm,5.0,4
1133,Volvo V40 D3 R-Design,2018.0,247500.0,2000.0,Diesel,Dealer,Automatic,First Owner,16.0,1984.0,150.0,350Nm@ 1500-2750rpm,5.0,4
1134,Jaguar XE 2016-2019 2.0L Diesel Prestige,2017.0,262500.0,9000.0,Diesel,Dealer,Automatic,First Owner,13.0,1999.0,177.0,430Nm@ 1750-2500rpm,5.0,4
1135,Lexus ES 300h,2019.0,515000.0,20000.0,Petrol,Dealer,Automatic,First Owner,22.0,2487.0,214.0,202Nm@ 3600-5200rpm,5.0,4
1136,Jaguar XF 2.0 Diesel Portfolio,2017.0,320000.0,45000.0,Diesel,Dealer,Automatic,First Owner,19.0,1999.0,177.0,430Nm@ 1750-2500rpm,5.0,4
1138,Volvo XC40 D4 Inscription BSIV,2019.0,380000.0,20000.0,Diesel,Individual,Automatic,First Owner,18.0,1969.0,190.0,400Nm,5.0,4
1139,Toyota Camry 2.5 Hybrid,2016.0,200000.0,68089.0,Petrol,Trustmark Dealer,Automatic,First Owner,19.0,2494.0,157.0,213Nm@ 4500rpm,5.0,4
1148,BMW X4 M Sport X xDrive20d,2019.0,540000.0,7500.0,Diesel,Dealer,Automatic,First Owner,16.0,1995.0,190.0,400Nm@ 1750-2500rpm,5.0,4
1149,BMW X4 M Sport X xDrive20d,2019.0,550000.0,8500.0,Diesel,Dealer,Automatic,First Owner,16.0,1995.0,190.0,400Nm@ 1750-2500rpm,5.0,4
1152,Volvo V40 D3 R-Design,2018.0,247500.0,2000.0,Diesel,Dealer,Automatic,First Owner,16.0,1984.0,150.0,350Nm@ 1500-2750rpm,5.0,4
1218,Tata Safari Storme EX,2017.0,110000.0,20000.0,Diesel,Individual,Manual,First Owner,14.0,2179.0,147.0,320Nm@ 1500-3000rpm,7.0,4
1255,Mercedes-Benz New C-Class 220 CDI AT,2012.0,140000.0,50000.0,Diesel,Individual,Automatic,First Owner,14.0,2143.0,170.0,400Nm@ 1400-2800rpm,5.0,4
1410,Jeep Compass 2.0 Limited 4X4,2017.0,195000.0,70000.0,Diesel,Individual,Manual,First Owner,16.0,1956.0,170.0,350Nm@ 1750-2500rpm,5.0,4
1411,Audi Q5 2.0 TDI,2011.0,130000.0,120000.0,Diesel,Individual,Automatic,First Owner,12.0,1968.0,167.0,350Nm@ 1750-2500rpm,5.0,4
1440,BMW X1 sDrive20d M Sport,2011.0,107500.0,42545.0,Diesel,Dealer,Automatic,First Owner,19.0,1998.0,190.0,400nm@ 1750-2500rpm,5.0,4
1530,Ford Endeavour 3.2 Titanium AT 4X4,2018.0,325000.0,12000.0,Diesel,Individual,Automatic,First Owner,10.0,3198.0,197.0,470Nm@ 1750-2500rpm,7.0,4
1540,Toyota Fortuner 2.8 2WD AT BSIV,2018.0,290000.0,49000.0,Diesel,Individual,Automatic,First Owner,12.0,2755.0,174.0,450Nm@ 1600-2400rpm,7.0,4
1561,Audi Q5 35TDI Premium Plus,2018.0,397500.0,31800.0,Diesel,Dealer,Automatic,First Owner,17.0,1968.0,188.0,400nm@ 1750-3000rpm,5.0,4
1562,Lexus ES 300h,2019.0,515000.0,20000.0,Petrol,Dealer,Automatic,First Owner,22.0,2487.0,214.0,202Nm@ 3600-5200rpm,5.0,4
1563,Jaguar XF 2.0 Diesel Portfolio,2017.0,320000.0,45000.0,Diesel,Dealer,Automatic,First Owner,19.0,1999.0,177.0,430Nm@ 1750-2500rpm,5.0,4
1564,Jeep Wrangler 2016-2019 3.6 4X4,2017.0,410000.0,17000.0,Petrol,Individual,Automatic,First Owner,9.0,3604.0,280.0,347Nm@ 4300rpm,5.0,4
1572,Toyota Camry 2.5 Hybrid,2016.0,200000.0,68089.0,Petrol,Trustmark Dealer,Automatic,First Owner,19.0,2494.0,157.0,213Nm@ 4500rpm,5.0,4
1586,Tata Hexa XT,2018.0,157500.0,30000.0,Diesel,Individual,Manual,First Owner,17.0,2179.0,153.0,400Nm@ 1750-2500rpm,7.0,4
1590,Tata Hexa XT,2018.0,157500.0,25000.0,Diesel,Individual,Manual,First Owner,17.0,2179.0,153.0,400Nm@ 1750-2500rpm,7.0,4
1636,Mahindra Scorpio S11 BSIV,2018.0,146500.0,110000.0,Diesel,Individual,Manual,First Owner,16.0,2179.0,140.0,320Nm@ 1500-2800rpm,7.0,4
1674,Volkswagen Jetta 2.0L TDI Highline AT,2016.0,135000.0,97000.0,Diesel,Individual,Automatic,First Owner,16.0,1968.0,138.0,320Nm@ 1750-2500rpm,5.0,4
1709,Jaguar XE 2016-2019 2.0L Diesel Prestige,2017.0,262500.0,9000.0,Diesel,Dealer,Automatic,First Owner,13.0,1999.0,177.0,430Nm@ 1750-2500rpm,5.0,4
1710,Lexus ES 300h,2019.0,515000.0,20000.0,Petrol,Dealer,Automatic,First Owner,22.0,2487.0,214.0,202Nm@ 3600-5200rpm,5.0,4
1711,Jaguar XF 2.0 Diesel Portfolio,2017.0,320000.0,45000.0,Diesel,Dealer,Automatic,First Owner,19.0,1999.0,177.0,430Nm@ 1750-2500rpm,5.0,4
1713,Volvo XC40 D4 Inscription BSIV,2019.0,380000.0,20000.0,Diesel,Individual,Automatic,First Owner,18.0,1969.0,190.0,400Nm,5.0,4
1714,Toyota Camry 2.5 Hybrid,2016.0,200000.0,68089.0,Petrol,Trustmark Dealer,Automatic,First Owner,19.0,2494.0,157.0,213Nm@ 4500rpm,5.0,4
1723,BMW X4 M Sport X xDrive20d,2019.0,540000.0,7500.0,Diesel,Dealer,Automatic,First Owner,16.0,1995.0,190.0,400Nm@ 1750-2500rpm,5.0,4
1724,BMW X4 M Sport X xDrive20d,2019.0,550000.0,8500.0,Diesel,Dealer,Automatic,First Owner,16.0,1995.0,190.0,400Nm@ 1750-2500rpm,5.0,4
1727,Volvo V40 D3 R-Design,2018.0,247500.0,2000.0,Diesel,Dealer,Automatic,First Owner,16.0,1984.0,150.0,350Nm@ 1500-2750rpm,5.0,4
1737,Tata Hexa XE,2018.0,125000.0,25000.0,Diesel,Individual,Manual,First Owner,17.0,2179.0,147.0,320Nm@ 1500-3000rpm,7.0,4
1748,Toyota Fortuner 2.8 4WD AT BSIV,2017.0,295000.0,50000.0,Diesel,Individual,Automatic,First Owner,15.0,2755.0,174.0,450Nm@ 1600-2400rpm,7.0,4
1752,Mahindra XUV500 W10 2WD,2017.0,132500.0,54000.0,Diesel,Individual,Manual,First Owner,16.0,2179.0,140.0,330Nm@ 1600-2800rpm,7.0,4
1767,Jeep Compass 2.0 Longitude Option BSIV,2018.0,167500.0,80000.0,Diesel,Individual,Manual,First Owner,17.0,1956.0,170.0,350Nm@ 1750-2500rpm,5.0,4
1821,Toyota Fortuner 2.8 4WD MT BSIV,2018.0,320000.0,50000.0,Diesel,Individual,Manual,First Owner,14.0,2755.0,174.0,420Nm@ 1400-2600rpm,7.0,4
1828,Volvo XC40 D4 Inscription BSIV,2019.0,380000.0,20000.0,Diesel,Individual,Automatic,First Owner,18.0,1969.0,190.0,400Nm,5.0,4
1830,Ford Endeavour 3.2 Titanium AT 4X4,2018.0,325000.0,12000.0,Diesel,Individual,Automatic,First Owner,10.0,3198.0,197.0,470Nm@ 1750-2500rpm,7.0,4
1834,Toyota Fortuner 2.8 4WD AT BSIV,2018.0,320000.0,60000.0,Diesel,Individual,Automatic,First Owner,15.0,2755.0,174.0,450Nm@ 1600-2400rpm,7.0,4
1835,Mahindra XUV500 W10 1.99 mHawk,2018.0,140000.0,30000.0,Diesel,Individual,Manual,First Owner,16.0,1997.0,140.0,320Nm@ 1600-2800rpm,7.0,4
1857,Audi Q5 35TDI Premium Plus,2018.0,397500.0,31800.0,Diesel,Dealer,Automatic,First Owner,17.0,1968.0,188.0,400nm@ 1750-3000rpm,5.0,4
1858,Lexus ES 300h,2019.0,515000.0,20000.0,Petrol,Dealer,Automatic,First Owner,22.0,2487.0,214.0,202Nm@ 3600-5200rpm,5.0,4
1859,Jaguar XF 2.0 Diesel Portfolio,2017.0,320000.0,45000.0,Diesel,Dealer,Automatic,First Owner,19.0,1999.0,177.0,430Nm@ 1750-2500rpm,5.0,4
1860,Jeep Wrangler 2016-2019 3.6 4X4,2017.0,410000.0,17000.0,Petrol,Individual,Automatic,First Owner,9.0,3604.0,280.0,347Nm@ 4300rpm,5.0,4
1863,Toyota Camry 2.5 Hybrid,2016.0,200000.0,68089.0,Petrol,Trustmark Dealer,Automatic,First Owner,19.0,2494.0,157.0,213Nm@ 4500rpm,5.0,4
1871,BMW X4 M Sport X xDrive20d,2019.0,540000.0,7500.0,Diesel,Dealer,Automatic,First Owner,16.0,1995.0,190.0,400Nm@ 1750-2500rpm,5.0,4
1872,BMW X4 M Sport X xDrive20d,2019.0,550000.0,8500.0,Diesel,Dealer,Automatic,First Owner,16.0,1995.0,190.0,400Nm@ 1750-2500rpm,5.0,4
1910,Tata Safari Storme LX,2016.0,90000.0,120000.0,Diesel,Individual,Manual,First Owner,14.0,2179.0,147.0,320Nm@ 1500-3000rpm,5.0,4
1923,Ford Endeavour 3.2 Titanium AT 4X4,2016.0,228000.0,120000.0,Diesel,Individual,Automatic,Second Owner,10.0,3198.0,197.0,470Nm@ 1750-2500rpm,7.0,4
1969,Jaguar XF 2.2 Litre Luxury,2013.0,245000.0,60000.0,Diesel,Individual,Automatic,First Owner,16.0,2179.0,187.0,450Nm@ 2000rpm,5.0,4
1977,Audi Q3 2.0 TDI Quattro Premium Plus,2017.0,282500.0,22000.0,Diesel,Dealer,Automatic,First Owner,15.0,1968.0,174.0,380Nm@ 1750-2500rpm,5.0,4
1979,BMW X1 sDrive20d M Sport,2018.0,335000.0,18000.0,Diesel,Dealer,Automatic,First Owner,19.0,1998.0,190.0,400nm@ 1750-2500rpm,5.0,4
1980,Toyota Innova Crysta 2.8 GX AT 8S BSIV,2018.0,180000.0,20000.0,Diesel,Dealer,Automatic,First Owner,11.0,2755.0,171.0,360Nm@ 1200-3400rpm,8.0,4
1982,Force Gurkha Hard Top BS3 4WD,2018.0,91000.0,20000.0,Diesel,Dealer,Manual,First Owner,17.0,2596.0,80.0,230Nm@ 1800-2000rpm,5.0,4
1989,MG Hector Sharp DCT Dualtone,2020.0,190000.0,1600.0,Petrol,Dealer,Automatic,First Owner,13.0,1451.0,141.0,250Nm@ 1600-3600rpm,5.0,4
1993,BMW 3 Series 320d,2017.0,320000.0,13663.0,Diesel,Dealer,Automatic,First Owner,22.0,1995.0,190.0,400Nm@ 1750-2500rpm,5.0,4
1994,Skoda Octavia Style Plus 2.0 TDI AT,2019.0,260000.0,11000.0,Diesel,Dealer,Automatic,First Owner,19.0,1968.0,141.0,320Nm@ 1750-3000rpm,5.0,4
2038,Jeep Compass 2.0 Longitude Option BSIV,2017.0,168999.9,60000.0,Diesel,Individual,Manual,First Owner,17.0,1956.0,170.0,350Nm@ 1750-2500rpm,5.0,4
2062,BMW 3 Series 320d Luxury Line,2012.0,130000.0,140000.0,Diesel,Individual,Automatic,Second Owner,18.0,1995.0,184.0,380Nm@ 1750-2750rpm,5.0,4
2065,BMW 3 Series 320d Luxury Plus,2013.0,130000.0,140000.0,Diesel,Individual,Automatic,Second Owner,18.0,1995.0,184.0,380Nm@ 1750-2750rpm,5.0,4
2069,BMW 3 Series 320d Luxury Line,2012.0,130000.0,140000.0,Diesel,Individual,Automatic,Second Owner,18.0,1995.0,184.0,380Nm@ 1750-2750rpm,5.0,4
2072,BMW 3 Series 320d Luxury Plus,2013.0,130000.0,140000.0,Diesel,Individual,Automatic,Second Owner,18.0,1995.0,184.0,380Nm@ 1750-2750rpm,5.0,4
2087,Tata Hexa XM,2017.0,120000.0,30000.0,Diesel,Individual,Manual,First Owner,17.0,2179.0,153.0,400Nm@ 1750-2500rpm,7.0,4
2106,Mahindra XUV500 W9 2WD,2018.0,153000.0,40000.0,Diesel,Individual,Manual,First Owner,16.0,2179.0,138.0,330Nm@ 1600-2800rpm,7.0,4
2109,Audi A3 35 TDI Premium Plus,2017.0,260000.0,70000.0,Diesel,Individual,Automatic,First Owner,20.0,1968.0,143.0,320Nm@ 1750-3000rpm,5.0,4
2129,Audi Q5 3.0 TDI Quattro,2014.0,185000.0,76131.0,Diesel,Individual,Automatic,First Owner,13.0,2967.0,241.0,580Nm@ 1400-3250rpm,5.0,4
2131,Audi Q7 3.0 TDI Quattro,2014.0,300000.0,65000.0,Diesel,Individual,Automatic,First Owner,12.0,2967.0,241.0,550Nm@ 1750-2750rpm,7.0,4
2397,Mahindra Scorpio S7 120,2018.0,132500.0,22053.0,Diesel,Individual,Manual,First Owner,16.0,2179.0,120.0,280Nm@ 1800-2800rpm,7.0,4
2450,Tata Safari Storme VX Varicor 400,2019.0,125000.0,100000.0,Diesel,Individual,Manual,First Owner,14.0,2179.0,153.0,400Nm@ 1750-2500rpm,7.0,4
2539,Mahindra XUV500 W4,2018.0,105000.0,15000.0,Diesel,Individual,Manual,First Owner,16.0,2179.0,140.0,330Nm@ 1600-2800rpm,7.0,4
2619,Mahindra XUV500 W9 BSIV,2019.0,157500.0,18000.0,Diesel,Individual,Manual,First Owner,15.0,2179.0,152.0,360Nm@ 1750-2800rpm,7.0,4
2627,Force One SX ABS 7 Seating,2018.0,105000.0,13000.0,Diesel,Individual,Manual,First Owner,17.0,2200.0,139.0,321Nm@ 1600-2400rpm,7.0,4
2630,Jaguar XE 2016-2019 2.0L Diesel Prestige,2017.0,262500.0,9000.0,Diesel,Dealer,Automatic,First Owner,13.0,1999.0,177.0,430Nm@ 1750-2500rpm,5.0,4
2631,Lexus ES 300h,2019.0,515000.0,20000.0,Petrol,Dealer,Automatic,First Owner,22.0,2487.0,214.0,202Nm@ 3600-5200rpm,5.0,4
2632,Jaguar XF 2.0 Diesel Portfolio,2017.0,320000.0,45000.0,Diesel,Dealer,Automatic,First Owner,19.0,1999.0,177.0,430Nm@ 1750-2500rpm,5.0,4
2634,Volvo XC40 D4 Inscription BSIV,2019.0,380000.0,20000.0,Diesel,Individual,Automatic,First Owner,18.0,1969.0,190.0,400Nm,5.0,4
2635,Toyota Camry 2.5 Hybrid,2016.0,200000.0,68089.0,Petrol,Trustmark Dealer,Automatic,First Owner,19.0,2494.0,157.0,213Nm@ 4500rpm,5.0,4
2644,BMW X4 M Sport X xDrive20d,2019.0,540000.0,7500.0,Diesel,Dealer,Automatic,First Owner,16.0,1995.0,190.0,400Nm@ 1750-2500rpm,5.0,4
2645,BMW X4 M Sport X xDrive20d,2019.0,550000.0,8500.0,Diesel,Dealer,Automatic,First Owner,16.0,1995.0,190.0,400Nm@ 1750-2500rpm,5.0,4
2648,Volvo V40 D3 R-Design,2018.0,247500.0,2000.0,Diesel,Dealer,Automatic,First Owner,16.0,1984.0,150.0,350Nm@ 1500-2750rpm,5.0,4
2663,Jaguar XE 2016-2019 2.0L Diesel Prestige,2017.0,262500.0,9000.0,Diesel,Dealer,Automatic,First Owner,13.0,1999.0,177.0,430Nm@ 1750-2500rpm,5.0,4
2664,Lexus ES 300h,2019.0,515000.0,20000.0,Petrol,Dealer,Automatic,First Owner,22.0,2487.0,214.0,202Nm@ 3600-5200rpm,5.0,4
2665,Jaguar XF 2.0 Diesel Portfolio,2017.0,320000.0,45000.0,Diesel,Dealer,Automatic,First Owner,19.0,1999.0,177.0,430Nm@ 1750-2500rpm,5.0,4
2667,Volvo XC40 D4 Inscription BSIV,2019.0,380000.0,20000.0,Diesel,Individual,Automatic,First Owner,18.0,1969.0,190.0,400Nm,5.0,4
2668,Toyota Camry 2.5 Hybrid,2016.0,200000.0,68089.0,Petrol,Trustmark Dealer,Automatic,First Owner,19.0,2494.0,157.0,213Nm@ 4500rpm,5.0,4
2677,BMW X4 M Sport X xDrive20d,2019.0,540000.0,7500.0,Diesel,Dealer,Automatic,First Owner,16.0,1995.0,190.0,400Nm@ 1750-2500rpm,5.0,4
2678,BMW X4 M Sport X xDrive20d,2019.0,550000.0,8500.0,Diesel,Dealer,Automatic,First Owner,16.0,1995.0,190.0,400Nm@ 1750-2500rpm,5.0,4
2681,Volvo V40 D3 R-Design,2018.0,247500.0,2000.0,Diesel,Dealer,Automatic,First Owner,16.0,1984.0,150.0,350Nm@ 1500-2750rpm,5.0,4
2704,Mercedes-Benz GLA Class 200 D Sport Edition,2017.0,219900.0,10000.0,Diesel,Individual,Automatic,Second Owner,17.0,2143.0,136.0,300Nm@ 1600-3000rpm,5.0,4
2705,Mercedes-Benz M-Class ML 350 CDI,2013.0,360000.0,50000.0,Diesel,Individual,Automatic,First Owner,11.0,2987.0,254.0,619Nm@ 1600-2400rpm,5.0,4
2708,BMW 3 Series 320d Highline,2009.0,110000.0,60000.0,Diesel,Individual,Automatic,Second Owner,16.0,1995.0,181.0,380Nm@ 1750-3000rpm,5.0,4
2795,Jeep Compass 2.0 Limited Option,2017.0,132500.0,30000.0,Diesel,Individual,Manual,First Owner,17.0,1956.0,170.0,350Nm@ 1750-2500rpm,5.0,4
2826,Jaguar XF 3.0 Litre S Premium Luxury,2014.0,200000.0,51000.0,Diesel,Individual,Automatic,First Owner,14.0,2993.0,270.0,600Nm@ 2000rpm,5.0,4
2827,BMW X1 sDrive 20d Sportline,2018.0,285000.0,27000.0,Diesel,Dealer,Automatic,First Owner,17.0,1995.0,184.0,380Nm@ 1750-2750rpm,5.0,4
2828,Audi Q3 35 TDI Quattro Premium Plus,2018.0,280000.0,26000.0,Diesel,Dealer,Automatic,First Owner,15.0,1968.0,174.0,380Nm@ 1750-2500rpm,5.0,4
2829,BMW 5 Series 520d Sport Line,2018.0,390000.0,17100.0,Diesel,Dealer,Automatic,First Owner,22.0,1995.0,187.0,400Nm@ 1750-2500rpm,5.0,4
2832,Jeep Compass 1.4 Limited,2019.0,145000.0,22000.0,Petrol,Dealer,Automatic,First Owner,16.0,1368.0,160.0,250Nm@ 1750-2500rpm,5.0,4
2840,Volvo S60 D4 SUMMUM,2016.0,195000.0,48000.0,Diesel,Dealer,Automatic,First Owner,9.0,1984.0,181.0,400Nm@ 1750-2500rpm,5.0,4
2866,Jeep Compass 2.0 Limited 4X4,2017.0,180000.0,45000.0,Diesel,Individual,Manual,First Owner,16.0,1956.0,170.0,350Nm@ 1750-2500rpm,5.0,4
2881,Toyota Fortuner 2.8 2WD MT BSIV,2018.0,290000.0,46000.0,Diesel,Individual,Manual,First Owner,14.0,2755.0,174.0,420Nm@ 1400-2600rpm,7.0,4
2918,Mahindra XUV500 W11 Option BSIV,2018.0,170000.0,15000.0,Diesel,Individual,Manual,First Owner,15.0,2179.0,152.0,360Nm@ 1750-2800rpm,7.0,4
2938,BMW X7 xDrive 30d DPE,2020.0,720000.0,5000.0,Diesel,Individual,Automatic,First Owner,13.0,2993.0,265.0,620Nm@ 1500-2500rpm,7.0,4
2970,Mahindra XUV500 W5 BSIV,2018.0,120000.0,25000.0,Diesel,Individual,Manual,First Owner,15.0,2179.0,152.0,360Nm@ 1750-2800rpm,7.0,4
3066,Mahindra XUV500 W10 2WD,2016.0,135000.0,70000.0,Diesel,Individual,Manual,First Owner,16.0,2179.0,140.0,330Nm@ 1600-2800rpm,7.0,4
3078,Jaguar XE 2016-2019 2.0L Diesel Prestige,2017.0,262500.0,9000.0,Diesel,Dealer,Automatic,First Owner,13.0,1999.0,177.0,430Nm@ 1750-2500rpm,5.0,4
3079,Lexus ES 300h,2019.0,515000.0,20000.0,Petrol,Dealer,Automatic,First Owner,22.0,2487.0,214.0,202Nm@ 3600-5200rpm,5.0,4
3080,Jaguar XF 2.0 Diesel Portfolio,2017.0,320000.0,45000.0,Diesel,Dealer,Automatic,First Owner,19.0,1999.0,177.0,430Nm@ 1750-2500rpm,5.0,4
3082,Volvo XC40 D4 Inscription BSIV,2019.0,380000.0,20000.0,Diesel,Individual,Automatic,First Owner,18.0,1969.0,190.0,400Nm,5.0,4
3083,Toyota Camry 2.5 Hybrid,2016.0,200000.0,68089.0,Petrol,Trustmark Dealer,Automatic,First Owner,19.0,2494.0,157.0,213Nm@ 4500rpm,5.0,4
3092,BMW X4 M Sport X xDrive20d,2019.0,540000.0,7500.0,Diesel,Dealer,Automatic,First Owner,16.0,1995.0,190.0,400Nm@ 1750-2500rpm,5.0,4
3093,BMW X4 M Sport X xDrive20d,2019.0,550000.0,8500.0,Diesel,Dealer,Automatic,First Owner,16.0,1995.0,190.0,400Nm@ 1750-2500rpm,5.0,4
3096,Volvo V40 D3 R-Design,2018.0,247500.0,2000.0,Diesel,Dealer,Automatic,First Owner,16.0,1984.0,150.0,350Nm@ 1500-2750rpm,5.0,4
3110,Audi A4 35 TDI Premium Plus,2015.0,175000.0,37000.0,Diesel,Dealer,Automatic,First Owner,18.0,1968.0,187.0,400Nm@ 1750-3000rpm,5.0,4
3161,BMW X1 sDrive20d M Sport,2011.0,107500.0,42545.0,Diesel,Dealer,Automatic,First Owner,19.0,1998.0,190.0,400nm@ 1750-2500rpm,5.0,4
3182,Mahindra XUV500 W10 2WD,2017.0,110000.0,88754.0,Diesel,Dealer,Manual,First Owner,16.0,2179.0,140.0,330Nm@ 1600-2800rpm,7.0,4
3184,Mahindra XUV500 W9 2WD,2018.0,135000.0,40000.0,Diesel,Individual,Manual,First Owner,16.0,2179.0,138.0,330Nm@ 1600-2800rpm,7.0,4
3209,Tata Hexa XE,2017.0,85000.0,50000.0,Diesel,Individual,Manual,First Owner,17.0,2179.0,147.0,320Nm@ 1500-3000rpm,7.0,4
3214,Ford Endeavour 3.2 Titanium AT 4X4,2016.0,210000.0,80000.0,Diesel,Individual,Automatic,First Owner,10.0,3198.0,197.0,470Nm@ 1750-2500rpm,7.0,4
3236,Audi Q5 35TDI Premium Plus,2018.0,397500.0,31800.0,Diesel,Dealer,Automatic,First Owner,17.0,1968.0,188.0,400nm@ 1750-3000rpm,5.0,4
3237,Lexus ES 300h,2019.0,515000.0,20000.0,Petrol,Dealer,Automatic,First Owner,22.0,2487.0,214.0,202Nm@ 3600-5200rpm,5.0,4
3238,Jaguar XF 2.0 Diesel Portfolio,2017.0,320000.0,45000.0,Diesel,Dealer,Automatic,First Owner,19.0,1999.0,177.0,430Nm@ 1750-2500rpm,5.0,4
3239,Jeep Wrangler 2016-2019 3.6 4X4,2017.0,410000.0,17000.0,Petrol,Individual,Automatic,First Owner,9.0,3604.0,280.0,347Nm@ 4300rpm,5.0,4
3240,Land Rover Discovery Sport TD4 SE,2019.0,450000.0,21000.0,Diesel,Dealer,Automatic,First Owner,12.0,1999.0,148.0,382nm@ 1750-2250rpm,7.0,4
3241,BMW 5 Series 520d Sport Line,2018.0,379000.0,29500.0,Diesel,Dealer,Automatic,First Owner,22.0,1995.0,187.0,400Nm@ 1750-2500rpm,5.0,4
3242,Honda CR-V 2.4L 4WD AT AVN,2017.0,175000.0,73000.0,Petrol,Dealer,Automatic,First Owner,12.0,2354.0,187.0,226Nm@ 4400rpm,5.0,4
3243,Skoda Superb LK 1.8 TSI AT,2018.0,186499.9,50000.0,Petrol,Dealer,Automatic,First Owner,14.0,1798.0,177.0,250@ 1250-5000rpm,5.0,4
3245,Honda CR-V 2.4L 4WD AT AVN,2017.0,182500.0,58000.0,Petrol,Dealer,Automatic,First Owner,12.0,2354.0,187.0,226Nm@ 4400rpm,5.0,4
3246,Tata Hexa XTA,2017.0,129500.0,58000.0,Diesel,Dealer,Automatic,First Owner,17.0,2179.0,153.0,400Nm@ 1750-2500rpm,7.0,4
3248,Mercedes-Benz GL-Class 350 CDI Luxury,2016.0,409000.0,70000.0,Diesel,Dealer,Automatic,First Owner,12.0,2987.0,224.0,510Nm@ 1600-2800rpm,7.0,4
3251,Volvo XC40 D4 R-Design,2018.0,340000.0,22000.0,Diesel,Dealer,Automatic,First Owner,18.0,1969.0,190.0,400Nm,5.0,4
3298,Mahindra XUV500 W7 BSIV,2018.0,110000.0,50000.0,Diesel,Individual,Manual,First Owner,15.0,2179.0,152.0,360Nm@ 1750-2800rpm,7.0,4
3351,BMW 3 Series 320d Luxury Line Plus,2017.0,260000.0,44000.0,Diesel,Dealer,Automatic,First Owner,22.0,1995.0,190.0,400Nm@ 1750-2750rpm,5.0,4
3352,Toyota Innova Crysta 2.8 ZX AT BSIV,2017.0,185000.0,18890.0,Diesel,Dealer,Automatic,First Owner,11.0,2755.0,171.0,360Nm@ 1200-3400rpm,7.0,4
3357,Mahindra XUV500 W9 BSIV,2018.0,147500.0,24000.0,Diesel,Dealer,Manual,First Owner,15.0,2179.0,152.0,360Nm@ 1750-2800rpm,7.0,4
3392,Tata Harrier XZ Dark Edition BSIV,2019.0,163000.0,25000.0,Diesel,Individual,Manual,First Owner,17.0,1956.0,138.0,350Nm@ 1750-2500rpm,5.0,4
3408,Jaguar XE 2016-2019 2.0L Diesel Prestige,2017.0,271100.0,9000.0,Diesel,Dealer,Automatic,First Owner,13.0,1999.0,177.0,430Nm@ 1750-2500rpm,5.0,4
3409,Lexus ES 300h,2019.0,515000.0,20000.0,Petrol,Dealer,Automatic,First Owner,22.0,2487.0,214.0,202Nm@ 3600-5200rpm,5.0,4
3410,Jaguar XF 2.0 Diesel Portfolio,2017.0,320000.0,45000.0,Diesel,Dealer,Automatic,First Owner,19.0,1999.0,177.0,430Nm@ 1750-2500rpm,5.0,4
3412,Volvo XC40 D4 Inscription BSIV,2019.0,380000.0,20000.0,Diesel,Individual,Automatic,First Owner,18.0,1969.0,190.0,400Nm,5.0,4
3413,Toyota Camry 2.5 Hybrid,2016.0,200000.0,68089.0,Petrol,Trustmark Dealer,Automatic,First Owner,19.0,2494.0,157.0,213Nm@ 4500rpm,5.0,4
3422,BMW X4 M Sport X xDrive20d,2019.0,540000.0,7500.0,Diesel,Dealer,Automatic,First Owner,16.0,1995.0,190.0,400Nm@ 1750-2500rpm,5.0,4
3423,BMW X4 M Sport X xDrive20d,2019.0,550000.0,8500.0,Diesel,Dealer,Automatic,First Owner,16.0,1995.0,190.0,400Nm@ 1750-2500rpm,5.0,4
3426,Volvo V40 D3 R-Design,2018.0,247500.0,2000.0,Diesel,Dealer,Automatic,First Owner,16.0,1984.0,150.0,350Nm@ 1500-2750rpm,5.0,4
3458,BMW 3 Series 320d Sedan,2007.0,48000.0,110000.0,Diesel,Individual,Automatic,Fourth & Above Owner,16.0,1995.0,181.0,380Nm@ 1750-3000rpm,5.0,4
3516,Jaguar XE 2016-2019 2.0L Diesel Prestige,2017.0,271100.0,9000.0,Diesel,Dealer,Automatic,First Owner,13.0,1999.0,177.0,430Nm@ 1750-2500rpm,5.0,4
3517,Lexus ES 300h,2019.0,515000.0,20000.0,Petrol,Dealer,Automatic,First Owner,22.0,2487.0,214.0,202Nm@ 3600-5200rpm,5.0,4
3518,Jaguar XF 2.0 Diesel Portfolio,2017.0,320000.0,45000.0,Diesel,Dealer,Automatic,First Owner,19.0,1999.0,177.0,430Nm@ 1750-2500rpm,5.0,4
3520,Volvo XC40 D4 Inscription BSIV,2019.0,380000.0,20000.0,Diesel,Individual,Automatic,First Owner,18.0,1969.0,190.0,400Nm,5.0,4
3521,Toyota Camry 2.5 Hybrid,2016.0,200000.0,68089.0,Petrol,Trustmark Dealer,Automatic,First Owner,19.0,2494.0,157.0,213Nm@ 4500rpm,5.0,4
3530,BMW X4 M Sport X xDrive20d,2019.0,540000.0,7500.0,Diesel,Dealer,Automatic,First Owner,16.0,1995.0,190.0,400Nm@ 1750-2500rpm,5.0,4
3531,BMW X4 M Sport X xDrive20d,2019.0,550000.0,8500.0,Diesel,Dealer,Automatic,First Owner,16.0,1995.0,190.0,400Nm@ 1750-2500rpm,5.0,4
3534,Volvo V40 D3 R-Design,2018.0,247500.0,2000.0,Diesel,Dealer,Automatic,First Owner,16.0,1984.0,150.0,350Nm@ 1500-2750rpm,5.0,4
3605,Mahindra XUV500 W11 BSIV,2019.0,155000.0,28000.0,Diesel,Individual,Manual,First Owner,15.0,2179.0,152.0,360Nm@ 1750-2800rpm,7.0,4
3607,Jeep Compass 2.0 Limited 4X4,2017.0,151100.0,32000.0,Diesel,Individual,Manual,First Owner,16.0,1956.0,170.0,350Nm@ 1750-2500rpm,5.0,4
3611,Mahindra XUV500 W11 AT BSIV,2019.0,165000.0,25000.0,Diesel,Individual,Automatic,Second Owner,15.0,2179.0,152.0,360Nm@ 1750-2800rpm,7.0,4
3686,Tata Hexa XT,2018.0,157500.0,30000.0,Diesel,Individual,Manual,First Owner,17.0,2179.0,153.0,400Nm@ 1750-2500rpm,7.0,4
3687,Force One SX ABS 7 Seating,2018.0,105000.0,13000.0,Diesel,Individual,Manual,First Owner,17.0,2200.0,139.0,321Nm@ 1600-2400rpm,7.0,4
3703,Mahindra XUV500 W10 2WD,2017.0,115000.0,42000.0,Diesel,Individual,Manual,Second Owner,16.0,2179.0,140.0,330Nm@ 1600-2800rpm,7.0,4
3725,Mahindra Scorpio S11 4WD BSIV,2020.0,150000.0,50000.0,Diesel,Individual,Manual,First Owner,16.0,2179.0,140.0,320Nm@ 1500-2800rpm,7.0,4
3749,Mahindra Scorpio S11 BSIV,2018.0,150000.0,40000.0,Diesel,Individual,Manual,First Owner,16.0,2179.0,140.0,320Nm@ 1500-2800rpm,7.0,4
3775,Toyota Innova Crysta 2.8 ZX AT BSIV,2016.0,180000.0,30000.0,Diesel,Individual,Automatic,First Owner,11.0,2755.0,171.0,360Nm@ 1200-3400rpm,7.0,4
3831,Jaguar XE 2016-2019 2.0L Diesel Prestige,2017.0,271100.0,9000.0,Diesel,Dealer,Automatic,First Owner,13.0,1999.0,177.0,430Nm@ 1750-2500rpm,5.0,4
3832,Lexus ES 300h,2019.0,515000.0,20000.0,Petrol,Dealer,Automatic,First Owner,22.0,2487.0,214.0,202Nm@ 3600-5200rpm,5.0,4
3833,Jaguar XF 2.0 Diesel Portfolio,2017.0,320000.0,45000.0,Diesel,Dealer,Automatic,First Owner,19.0,1999.0,177.0,430Nm@ 1750-2500rpm,5.0,4
3835,Volvo XC40 D4 Inscription BSIV,2019.0,380000.0,20000.0,Diesel,Individual,Automatic,First Owner,18.0,1969.0,190.0,400Nm,5.0,4
3836,Toyota Camry 2.5 Hybrid,2016.0,200000.0,68089.0,Petrol,Trustmark Dealer,Automatic,First Owner,19.0,2494.0,157.0,213Nm@ 4500rpm,5.0,4
3845,BMW X4 M Sport X xDrive20d,2019.0,540000.0,7500.0,Diesel,Dealer,Automatic,First Owner,16.0,1995.0,190.0,400Nm@ 1750-2500rpm,5.0,4
3846,BMW X4 M Sport X xDrive20d,2019.0,550000.0,8500.0,Diesel,Dealer,Automatic,First Owner,16.0,1995.0,190.0,400Nm@ 1750-2500rpm,5.0,4
3849,Volvo V40 D3 R-Design,2018.0,247500.0,2000.0,Diesel,Dealer,Automatic,First Owner,16.0,1984.0,150.0,350Nm@ 1500-2750rpm,5.0,4
3938,Jeep Compass 2.0 Limited,2017.0,151500.0,15000.0,Diesel,Individual,Manual,First Owner,17.0,1956.0,170.0,350Nm@ 1750-2500rpm,5.0,4
4030,Toyota Innova Crysta 2.7 ZX AT BSIV,2016.0,210000.0,40000.0,Petrol,Individual,Automatic,First Owner,10.0,2694.0,163.0,245Nm@ 4000rpm,7.0,4
4080,Mahindra XUV500 W10 2WD,2017.0,135000.0,25000.0,Diesel,Individual,Manual,First Owner,16.0,2179.0,140.0,330Nm@ 1600-2800rpm,7.0,4
4083,BMW X6 xDrive30d,2013.0,375000.0,56000.0,Diesel,Dealer,Automatic,First Owner,11.0,2993.0,241.0,540Nm@ 2000rpm,4.0,4
4086,Mercedes-Benz E-Class E250 CDI Avantgarde,2016.0,290000.0,31000.0,Diesel,Dealer,Automatic,First Owner,13.0,2143.0,204.0,500Nm@ 1600-1800rpm,5.0,4
4089,Toyota Corolla Altis 1.8 G,2018.0,140000.0,13534.0,Petrol,Dealer,Manual,First Owner,14.0,1798.0,138.0,173Nm@ 4000rpm,5.0,4
4090,Toyota Corolla Altis 1.8 VL AT,2017.0,145000.0,7000.0,Petrol,Dealer,Automatic,Second Owner,14.0,1794.0,138.0,173Nm@ 4000rpm,5.0,4
4091,Mercedes-Benz GLA Class 200 CDI SPORT,2017.0,270000.0,23000.0,Diesel,Dealer,Automatic,First Owner,17.0,2143.0,136.0,300Nm@ 1600-3000rpm,5.0,4
4093,Toyota Innova Crysta 2.8 GX AT 8S BSIV,2019.0,192500.0,43000.0,Diesel,Dealer,Automatic,First Owner,11.0,2755.0,171.0,360Nm@ 1200-3400rpm,8.0,4
4101,BMW 6 Series GT 630d Luxury Line,2018.0,600000.0,28156.0,Diesel,Dealer,Automatic,First Owner,17.0,2993.0,261.0,620Nm@ 2000-2500rpm,4.0,4
4179,Mahindra XUV500 W11 Option BSIV,2018.0,150000.0,60000.0,Diesel,Individual,Manual,First Owner,15.0,2179.0,152.0,360Nm@ 1750-2800rpm,7.0,4
4180,Mahindra XUV500 W11 Option BSIV,2018.0,150000.0,60000.0,Diesel,Individual,Manual,First Owner,15.0,2179.0,152.0,360Nm@ 1750-2800rpm,7.0,4
4196,Isuzu MUX 2WD,2019.0,270000.0,10000.0,Diesel,Individual,Automatic,First Owner,13.0,2999.0,174.0,380NM@ 1800-2800rpm,7.0,4
4215,Jaguar XE 2016-2019 2.0L Diesel Prestige,2017.0,271100.0,9000.0,Diesel,Dealer,Automatic,First Owner,13.0,1999.0,177.0,430Nm@ 1750-2500rpm,5.0,4
4216,Lexus ES 300h,2019.0,515000.0,20000.0,Petrol,Dealer,Automatic,First Owner,22.0,2487.0,214.0,202Nm@ 3600-5200rpm,5.0,4
4217,Jaguar XF 2.0 Diesel Portfolio,2017.0,320000.0,45000.0,Diesel,Dealer,Automatic,First Owner,19.0,1999.0,177.0,430Nm@ 1750-2500rpm,5.0,4
4219,Volvo XC40 D4 Inscription BSIV,2019.0,380000.0,20000.0,Diesel,Individual,Automatic,First Owner,18.0,1969.0,190.0,400Nm,5.0,4
4220,Toyota Camry 2.5 Hybrid,2016.0,200000.0,68089.0,Petrol,Trustmark Dealer,Automatic,First Owner,19.0,2494.0,157.0,213Nm@ 4500rpm,5.0,4
4229,BMW X4 M Sport X xDrive20d,2019.0,540000.0,7500.0,Diesel,Dealer,Automatic,First Owner,16.0,1995.0,190.0,400Nm@ 1750-2500rpm,5.0,4
4230,BMW X4 M Sport X xDrive20d,2019.0,550000.0,8500.0,Diesel,Dealer,Automatic,First Owner,16.0,1995.0,190.0,400Nm@ 1750-2500rpm,5.0,4
4233,Volvo V40 D3 R-Design,2018.0,247500.0,2000.0,Diesel,Dealer,Automatic,First Owner,16.0,1984.0,150.0,350Nm@ 1500-2750rpm,5.0,4
4234,Jaguar XE 2016-2019 2.0L Diesel Prestige,2017.0,271100.0,9000.0,Diesel,Dealer,Automatic,First Owner,13.0,1999.0,177.0,430Nm@ 1750-2500rpm,5.0,4
4235,Lexus ES 300h,2019.0,515000.0,20000.0,Petrol,Dealer,Automatic,First Owner,22.0,2487.0,214.0,202Nm@ 3600-5200rpm,5.0,4
4236,Jaguar XF 2.0 Diesel Portfolio,2017.0,320000.0,45000.0,Diesel,Dealer,Automatic,First Owner,19.0,1999.0,177.0,430Nm@ 1750-2500rpm,5.0,4
4238,Volvo XC40 D4 Inscription BSIV,2019.0,380000.0,20000.0,Diesel,Individual,Automatic,First Owner,18.0,1969.0,190.0,400Nm,5.0,4
4239,Toyota Camry 2.5 Hybrid,2016.0,200000.0,68089.0,Petrol,Trustmark Dealer,Automatic,First Owner,19.0,2494.0,157.0,213Nm@ 4500rpm,5.0,4
4248,BMW X4 M Sport X xDrive20d,2019.0,540000.0,7500.0,Diesel,Dealer,Automatic,First Owner,16.0,1995.0,190.0,400Nm@ 1750-2500rpm,5.0,4
4249,BMW X4 M Sport X xDrive20d,2019.0,550000.0,8500.0,Diesel,Dealer,Automatic,First Owner,16.0,1995.0,190.0,400Nm@ 1750-2500rpm,5.0,4
4252,Volvo V40 D3 R-Design,2018.0,247500.0,2000.0,Diesel,Dealer,Automatic,First Owner,16.0,1984.0,150.0,350Nm@ 1500-2750rpm,5.0,4
4255,Jaguar XE 2016-2019 2.0L Diesel Prestige,2017.0,271100.0,9000.0,Diesel,Dealer,Automatic,First Owner,13.0,1999.0,177.0,430Nm@ 1750-2500rpm,5.0,4
4256,Lexus ES 300h,2019.0,515000.0,20000.0,Petrol,Dealer,Automatic,First Owner,22.0,2487.0,214.0,202Nm@ 3600-5200rpm,5.0,4
4257,Jaguar XF 2.0 Diesel Portfolio,2017.0,320000.0,45000.0,Diesel,Dealer,Automatic,First Owner,19.0,1999.0,177.0,430Nm@ 1750-2500rpm,5.0,4
4259,Volvo XC40 D4 Inscription BSIV,2019.0,380000.0,20000.0,Diesel,Individual,Automatic,First Owner,18.0,1969.0,190.0,400Nm,5.0,4
4260,Toyota Camry 2.5 Hybrid,2016.0,200000.0,68089.0,Petrol,Trustmark Dealer,Automatic,First Owner,19.0,2494.0,157.0,213Nm@ 4500rpm,5.0,4
4269,BMW X4 M Sport X xDrive20d,2019.0,540000.0,7500.0,Diesel,Dealer,Automatic,First Owner,16.0,1995.0,190.0,400Nm@ 1750-2500rpm,5.0,4
4270,BMW X4 M Sport X xDrive20d,2019.0,550000.0,8500.0,Diesel,Dealer,Automatic,First Owner,16.0,1995.0,190.0,400Nm@ 1750-2500rpm,5.0,4
4273,Volvo V40 D3 R-Design,2018.0,247500.0,2000.0,Diesel,Dealer,Automatic,First Owner,16.0,1984.0,150.0,350Nm@ 1500-2750rpm,5.0,4
4320,Jaguar XE 2016-2019 2.0L Diesel Prestige,2017.0,271100.0,9000.0,Diesel,Dealer,Automatic,First Owner,13.0,1999.0,177.0,430Nm@ 1750-2500rpm,5.0,4
4321,Lexus ES 300h,2019.0,515000.0,20000.0,Petrol,Dealer,Automatic,First Owner,22.0,2487.0,214.0,202Nm@ 3600-5200rpm,5.0,4
4322,Jaguar XF 2.0 Diesel Portfolio,2017.0,320000.0,45000.0,Diesel,Dealer,Automatic,First Owner,19.0,1999.0,177.0,430Nm@ 1750-2500rpm,5.0,4
4324,Volvo XC40 D4 Inscription BSIV,2019.0,380000.0,20000.0,Diesel,Individual,Automatic,First Owner,18.0,1969.0,190.0,400Nm,5.0,4
4325,Toyota Camry 2.5 Hybrid,2016.0,200000.0,68089.0,Petrol,Trustmark Dealer,Automatic,First Owner,19.0,2494.0,157.0,213Nm@ 4500rpm,5.0,4
4334,BMW X4 M Sport X xDrive20d,2019.0,540000.0,7500.0,Diesel,Dealer,Automatic,First Owner,16.0,1995.0,190.0,400Nm@ 1750-2500rpm,5.0,4
4335,BMW X4 M Sport X xDrive20d,2019.0,550000.0,8500.0,Diesel,Dealer,Automatic,First Owner,16.0,1995.0,190.0,400Nm@ 1750-2500rpm,5.0,4
4338,Volvo V40 D3 R-Design,2018.0,247500.0,2000.0,Diesel,Dealer,Automatic,First Owner,16.0,1984.0,150.0,350Nm@ 1500-2750rpm,5.0,4
4356,Jaguar XF 2.2 Litre Luxury,2013.0,245000.0,60000.0,Diesel,Individual,Automatic,First Owner,16.0,2179.0,187.0,450Nm@ 2000rpm,5.0,4
4364,Toyota Fortuner 2.8 4WD AT BSIV,2016.0,310000.0,90000.0,Diesel,Individual,Automatic,First Owner,15.0,2755.0,174.0,450Nm@ 1600-2400rpm,7.0,4
4375,Mercedes-Benz M-Class ML 250 CDI,2015.0,260000.0,100000.0,Diesel,Individual,Automatic,Second Owner,15.0,2143.0,203.0,500Nm@ 1600-1800rpm,5.0,4
4377,Mercedes-Benz GLA Class 200 CDI,2016.0,185000.0,40000.0,Diesel,Individual,Automatic,Second Owner,17.0,2143.0,136.0,300Nm@ 1600-3000rpm,5.0,4
4380,Skoda Octavia Elegance 1.8 TSI AT,2017.0,160000.0,33000.0,Petrol,Dealer,Automatic,Second Owner,14.0,1798.0,177.0,250Nm@ 1250-5000rpm,5.0,4
4384,Hyundai Tucson 2.0 e-VGT 2WD AT GLS,2016.0,195000.0,45000.0,Diesel,Dealer,Automatic,Second Owner,16.0,1995.0,183.0,400Nm@ 175-2750rpm,5.0,4
4390,BMW 3 Series 320d Luxury Line,2010.0,110000.0,102000.0,Diesel,Dealer,Automatic,First Owner,19.0,1995.0,187.0,400Nm@ 1750-2500rpm,5.0,4
4391,Volkswagen Passat 2.0 TDI AT Highline,2012.0,90000.0,108000.0,Diesel,Dealer,Automatic,First Owner,17.0,1968.0,175.0,350Nm@ 1500-3500rpm,5.0,4
4393,Mercedes-Benz E-Class E 220 CDI Avantgarde,2011.0,160000.0,74000.0,Diesel,Dealer,Automatic,First Owner,10.0,2148.0,170.0,400Nm@ 1400-2800rpm,5.0,4
4395,Isuzu MUX 2WD,2019.0,270000.0,10000.0,Diesel,Individual,Automatic,First Owner,13.0,2999.0,174.0,380NM@ 1800-2800rpm,7.0,4
4398,Tata Hexa XE,2017.0,98000.0,53000.0,Diesel,Individual,Manual,First Owner,17.0,2179.0,147.0,320Nm@ 1500-3000rpm,7.0,4
4399,Jeep Compass 2.0 Limited Option 4X4,2017.0,192000.0,20000.0,Diesel,Individual,Manual,Second Owner,16.0,1956.0,170.0,350Nm@ 1750-2500rpm,5.0,4
4414,Jaguar XE 2016-2019 2.0L Diesel Prestige,2017.0,271100.0,9000.0,Diesel,Dealer,Automatic,First Owner,13.0,1999.0,177.0,430Nm@ 1750-2500rpm,5.0,4
4415,Lexus ES 300h,2019.0,515000.0,20000.0,Petrol,Dealer,Automatic,First Owner,22.0,2487.0,214.0,202Nm@ 3600-5200rpm,5.0,4
4416,Jaguar XF 2.0 Diesel Portfolio,2017.0,320000.0,45000.0,Diesel,Dealer,Automatic,First Owner,19.0,1999.0,177.0,430Nm@ 1750-2500rpm,5.0,4
4418,Volvo XC40 D4 Inscription BSIV,2019.0,380000.0,20000.0,Diesel,Individual,Automatic,First Owner,18.0,1969.0,190.0,400Nm,5.0,4
4419,Toyota Camry 2.5 Hybrid,2016.0,200000.0,68089.0,Petrol,Trustmark Dealer,Automatic,First Owner,19.0,2494.0,157.0,213Nm@ 4500rpm,5.0,4
4428,BMW X4 M Sport X xDrive20d,2019.0,540000.0,7500.0,Diesel,Dealer,Automatic,First Owner,16.0,1995.0,190.0,400Nm@ 1750-2500rpm,5.0,4
4429,BMW X4 M Sport X xDrive20d,2019.0,550000.0,8500.0,Diesel,Dealer,Automatic,First Owner,16.0,1995.0,190.0,400Nm@ 1750-2500rpm,5.0,4
4432,Volvo V40 D3 R-Design,2018.0,247500.0,2000.0,Diesel,Dealer,Automatic,First Owner,16.0,1984.0,150.0,350Nm@ 1500-2750rpm,5.0,4
4525,Volkswagen Jetta 2.0L TDI Highline AT,2016.0,135000.0,97000.0,Diesel,Individual,Automatic,First Owner,16.0,1968.0,138.0,320Nm@ 1750-2500rpm,5.0,4
4670,BMW 3 Series 320d GT Luxury Line,2017.0,295000.0,39000.0,Diesel,Dealer,Automatic,First Owner,19.0,1995.0,187.0,380Nm@ 1750-2750rpm,5.0,4
4671,BMW 5 Series 520d Luxury Line,2019.0,520000.0,10000.0,Diesel,Dealer,Automatic,First Owner,18.0,1995.0,190.0,400Nm@ 1750-2500rpm,5.0,4
4675,Tata Harrier XZ Plus,2020.0,165000.0,16000.0,Diesel,Dealer,Manual,First Owner,17.0,1956.0,167.0,350Nm@ 1750-2500rpm,5.0,4
4676,Audi Q3 2.0 TDI Quattro Premium Plus,2016.0,237500.0,30000.0,Diesel,Dealer,Automatic,First Owner,15.0,1968.0,174.0,380Nm@ 1750-2500rpm,5.0,4
4678,Jeep Compass 2.0 Limited Plus 4X4,2019.0,215000.0,25000.0,Diesel,Dealer,Manual,First Owner,16.0,1956.0,170.0,350Nm@ 1750-2500rpm,5.0,4
4680,Toyota Fortuner 4x4 AT,2017.0,275000.0,60000.0,Diesel,Dealer,Automatic,Second Owner,12.0,2982.0,168.0,360Nm@ 1400-3200rpm,7.0,4
4682,Audi A4 35 TDI Premium Plus,2018.0,290000.0,15000.0,Diesel,Dealer,Automatic,First Owner,18.0,1968.0,187.0,400Nm@ 1750-3000rpm,5.0,4
4704,Toyota Innova Crysta 2.8 GX AT BSIV,2017.0,146500.0,62000.0,Diesel,Dealer,Automatic,First Owner,11.0,2755.0,171.0,360Nm@ 1200-3400rpm,7.0,4
4723,Tata Safari Storme LX,2018.0,87500.0,142000.0,Diesel,Individual,Manual,First Owner,14.0,2179.0,147.0,320Nm@ 1500-3000rpm,5.0,4
4724,Tata Safari Storme LX,2018.0,89000.0,140000.0,Diesel,Individual,Manual,Third Owner,14.0,2179.0,147.0,320Nm@ 1500-3000rpm,5.0,4
4738,BMW 3 Series 320d Luxury Line Plus,2017.0,260000.0,44000.0,Diesel,Dealer,Automatic,First Owner,22.0,1995.0,190.0,400Nm@ 1750-2750rpm,5.0,4
4739,Toyota Innova Crysta 2.8 ZX AT BSIV,2017.0,185000.0,18890.0,Diesel,Dealer,Automatic,First Owner,11.0,2755.0,171.0,360Nm@ 1200-3400rpm,7.0,4
4753,BMW 6 Series GT 630d Luxury Line,2018.0,550000.0,22000.0,Diesel,Individual,Automatic,First Owner,17.0,2993.0,261.0,620Nm@ 2000-2500rpm,4.0,4
4757,BMW 3 Series GT Luxury Line,2016.0,295000.0,60000.0,Diesel,Dealer,Automatic,First Owner,21.0,1995.0,188.0,400Nm@ 1750-2500rpm,5.0,4
4763,Tata Harrier XZ,2019.0,165000.0,15000.0,Diesel,Dealer,Manual,First Owner,17.0,1956.0,167.0,350Nm@ 1750-2500rpm,5.0,4
4766,BMW 6 Series GT 630d Luxury Line,2018.0,600000.0,27000.0,Diesel,Dealer,Automatic,First Owner,17.0,2993.0,261.0,620Nm@ 2000-2500rpm,4.0,4
4772,Audi Q5 45 TDI quattro Technology,2015.0,270000.0,105000.0,Diesel,Dealer,Automatic,Second Owner,13.0,2967.0,241.0,580Nm@ 1400-3250rpm,5.0,4
4776,Tata Hexa XM,2018.0,130000.0,35000.0,Diesel,Individual,Manual,First Owner,17.0,2179.0,153.0,400Nm@ 1750-2500rpm,7.0,4
4782,Jaguar XE 2016-2019 2.0L Diesel Prestige,2017.0,271100.0,9000.0,Diesel,Dealer,Automatic,First Owner,13.0,1999.0,177.0,430Nm@ 1750-2500rpm,5.0,4
4785,Jeep Compass 2.0 Longitude Option BSIV,2018.0,167500.0,80000.0,Diesel,Individual,Manual,First Owner,17.0,1956.0,170.0,350Nm@ 1750-2500rpm,5.0,4
4787,Jaguar XF Diesel,2015.0,250000.0,13500.0,Diesel,Dealer,Automatic,First Owner,14.0,2993.0,270.0,600Nm@ 2000rpm,5.0,4
4788,Mercedes-Benz CLA 200 CGI Sport,2018.0,255000.0,18000.0,Petrol,Dealer,Automatic,First Owner,15.0,1991.0,183.0,300Nm@ 1200-4000rpm,5.0,4
4789,Mercedes-Benz New C-Class C 200 AVANTGARDE,2017.0,270000.0,16000.0,Petrol,Dealer,Automatic,First Owner,14.0,1991.0,181.0,300Nm@ 1200-1400rpm,5.0,4
4799,BMW 3 Series 320d Luxury Line,2016.0,215000.0,30000.0,Diesel,Dealer,Automatic,First Owner,22.0,1995.0,190.0,400Nm@ 1750-2500rpm,5.0,4
4815,Jaguar XE 2016-2019 2.0L Diesel Prestige,2017.0,271100.0,9000.0,Diesel,Dealer,Automatic,First Owner,13.0,1999.0,177.0,430Nm@ 1750-2500rpm,5.0,4
4816,Lexus ES 300h,2019.0,515000.0,20000.0,Petrol,Dealer,Automatic,First Owner,22.0,2487.0,214.0,202Nm@ 3600-5200rpm,5.0,4
4817,Jaguar XF 2.0 Diesel Portfolio,2017.0,320000.0,45000.0,Diesel,Dealer,Automatic,First Owner,19.0,1999.0,177.0,430Nm@ 1750-2500rpm,5.0,4
4819,Volvo XC40 D4 Inscription BSIV,2019.0,380000.0,20000.0,Diesel,Individual,Automatic,First Owner,18.0,1969.0,190.0,400Nm,5.0,4
4820,Toyota Camry 2.5 Hybrid,2016.0,200000.0,68089.0,Petrol,Trustmark Dealer,Automatic,First Owner,19.0,2494.0,157.0,213Nm@ 4500rpm,5.0,4
4829,BMW X4 M Sport X xDrive20d,2019.0,540000.0,7500.0,Diesel,Dealer,Automatic,First Owner,16.0,1995.0,190.0,400Nm@ 1750-2500rpm,5.0,4
4830,BMW X4 M Sport X xDrive20d,2019.0,550000.0,8500.0,Diesel,Dealer,Automatic,First Owner,16.0,1995.0,190.0,400Nm@ 1750-2500rpm,5.0,4
4833,Volvo V40 D3 R-Design,2018.0,247500.0,2000.0,Diesel,Dealer,Automatic,First Owner,16.0,1984.0,150.0,350Nm@ 1500-2750rpm,5.0,4
4851,Toyota Innova Crysta 2.4 VX MT 8S BSIV,2018.0,206400.0,24000.0,Diesel,Individual,Manual,First Owner,13.0,2393.0,147.0,343Nm@ 1400-2800rpm,8.0,4
4880,BMW 5 Series 525d,2010.0,100000.0,60000.0,Diesel,Individual,Automatic,First Owner,16.0,1995.0,218.0,450Nm@ 1750-2500rpm,5.0,4
4894,Mahindra XUV500 W10 2WD,2017.0,110000.0,88754.0,Diesel,Dealer,Manual,First Owner,16.0,2179.0,140.0,330Nm@ 1600-2800rpm,7.0,4
4896,Mahindra XUV500 W6 2WD,2017.0,115000.0,43526.0,Diesel,Dealer,Manual,First Owner,16.0,2179.0,140.0,330Nm@ 1600-2800rpm,7.0,4
4939,Mercedes-Benz E-Class E250 CDI Avantgrade,2014.0,185000.0,60000.0,Diesel,Individual,Automatic,Second Owner,13.0,2143.0,201.0,500Nm@ 1600-1800rpm,5.0,4
4944,Jeep Compass 2.0 Limited Option,2017.0,165000.0,69123.0,Diesel,Dealer,Manual,First Owner,17.0,1956.0,170.0,350Nm@ 1750-2500rpm,5.0,4
4949,Audi A6 35 TFSI Matrix,2019.0,622300.0,7800.0,Petrol,Dealer,Automatic,Test Drive Car,15.0,1798.0,187.0,320Nm@ 1400-4100rpm,5.0,4
4950,Audi A6 35 TFSI Matrix,2019.0,592300.0,11500.0,Petrol,Dealer,Automatic,Test Drive Car,15.0,1798.0,187.0,320Nm@ 1400-4100rpm,5.0,4
4951,Audi A6 35 TFSI Matrix,2019.0,652300.0,23600.0,Petrol,Dealer,Automatic,Test Drive Car,15.0,1798.0,187.0,320Nm@ 1400-4100rpm,5.0,4
5019,Volvo S60 D4 SUMMUM,2014.0,250000.0,30000.0,Diesel,Individual,Automatic,First Owner,9.0,1984.0,181.0,400Nm@ 1750-2500rpm,5.0,4
5035,Mahindra XUV500 W10 AWD,2019.0,180000.0,10000.0,Diesel,Individual,Manual,First Owner,16.0,2179.0,140.0,330Nm@ 1600-2800rpm,7.0,4
5076,Jeep Compass 2.0 Limited,2018.0,175700.0,24000.0,Diesel,Individual,Manual,First Owner,17.0,1956.0,170.0,350Nm@ 1750-2500rpm,5.0,4
5082,Jaguar XE 2016-2019 2.0L Diesel Prestige,2017.0,271100.0,9000.0,Diesel,Dealer,Automatic,First Owner,13.0,1999.0,177.0,430Nm@ 1750-2500rpm,5.0,4
5083,Lexus ES 300h,2019.0,515000.0,20000.0,Petrol,Dealer,Automatic,First Owner,22.0,2487.0,214.0,202Nm@ 3600-5200rpm,5.0,4
5084,Jaguar XF 2.0 Diesel Portfolio,2017.0,320000.0,45000.0,Diesel,Dealer,Automatic,First Owner,19.0,1999.0,177.0,430Nm@ 1750-2500rpm,5.0,4
5086,Volvo XC40 D4 Inscription BSIV,2019.0,380000.0,20000.0,Diesel,Individual,Automatic,First Owner,18.0,1969.0,190.0,400Nm,5.0,4
5087,Toyota Camry 2.5 Hybrid,2016.0,200000.0,68089.0,Petrol,Trustmark Dealer,Automatic,First Owner,19.0,2494.0,157.0,213Nm@ 4500rpm,5.0,4
5096,BMW X4 M Sport X xDrive20d,2019.0,540000.0,7500.0,Diesel,Dealer,Automatic,First Owner,16.0,1995.0,190.0,400Nm@ 1750-2500rpm,5.0,4
5097,BMW X4 M Sport X xDrive20d,2019.0,550000.0,8500.0,Diesel,Dealer,Automatic,First Owner,16.0,1995.0,190.0,400Nm@ 1750-2500rpm,5.0,4
5100,Volvo V40 D3 R-Design,2018.0,247500.0,2000.0,Diesel,Dealer,Automatic,First Owner,16.0,1984.0,150.0,350Nm@ 1500-2750rpm,5.0,4
5125,BMW X1 sDrive20i xLine,2016.0,250000.0,30000.0,Petrol,Individual,Automatic,Second Owner,15.0,1998.0,189.0,280Nm@ 1350-4600rpm,5.0,4
5152,Tata Hexa XTA,2017.0,130000.0,40000.0,Diesel,Individual,Automatic,First Owner,17.0,2179.0,153.0,400Nm@ 1750-2500rpm,7.0,4
5155,Mahindra XUV500 W7 BSIV,2018.0,115000.0,29000.0,Diesel,Individual,Manual,First Owner,15.0,2179.0,152.0,360Nm@ 1750-2800rpm,7.0,4
5158,Mahindra XUV500 AT W6 2WD,2017.0,105000.0,46000.0,Diesel,Individual,Automatic,First Owner,16.0,2179.0,140.0,330Nm@ 1600-2800rpm,7.0,4
5187,BMW 5 Series 520d Luxury Line,2016.0,320000.0,40000.0,Diesel,Individual,Automatic,First Owner,18.0,1995.0,190.0,400Nm@ 1750-2500rpm,5.0,4
5210,Mahindra Scorpio S7 120,2019.0,130000.0,20000.0,Diesel,Individual,Manual,First Owner,16.0,2179.0,120.0,280Nm@ 1800-2800rpm,7.0,4
5244,Audi Q5 35TDI Premium Plus,2018.0,397500.0,31800.0,Diesel,Dealer,Automatic,First Owner,17.0,1968.0,188.0,400nm@ 1750-3000rpm,5.0,4
5245,Lexus ES 300h,2019.0,515000.0,20000.0,Petrol,Dealer,Automatic,First Owner,22.0,2487.0,214.0,202Nm@ 3600-5200rpm,5.0,4
5246,Jaguar XF 2.0 Diesel Portfolio,2017.0,320000.0,45000.0,Diesel,Dealer,Automatic,First Owner,19.0,1999.0,177.0,430Nm@ 1750-2500rpm,5.0,4
5247,Jeep Wrangler 2016-2019 3.6 4X4,2017.0,410000.0,17000.0,Petrol,Individual,Automatic,First Owner,9.0,3604.0,280.0,347Nm@ 4300rpm,5.0,4
5248,Toyota Camry 2.5 Hybrid,2016.0,200000.0,68089.0,Petrol,Trustmark Dealer,Automatic,First Owner,19.0,2494.0,157.0,213Nm@ 4500rpm,5.0,4
5251,BMW X4 M Sport X xDrive20d,2019.0,540000.0,7500.0,Diesel,Dealer,Automatic,First Owner,16.0,1995.0,190.0,400Nm@ 1750-2500rpm,5.0,4
5252,BMW X4 M Sport X xDrive20d,2019.0,550000.0,8500.0,Diesel,Dealer,Automatic,First Owner,16.0,1995.0,190.0,400Nm@ 1750-2500rpm,5.0,4
5254,Volvo V40 D3 R-Design,2018.0,247500.0,2000.0,Diesel,Dealer,Automatic,First Owner,16.0,1984.0,150.0,350Nm@ 1500-2750rpm,5.0,4
5255,Mercedes-Benz E-Class Exclusive E 200 BSIV,2019.0,520000.0,17000.0,Petrol,Dealer,Automatic,First Owner,15.0,1991.0,194.0,300Nm@ 1600-4000rpm,5.0,4
5256,Land Rover Discovery Sport TD4 SE,2019.0,450000.0,21000.0,Diesel,Dealer,Automatic,First Owner,12.0,1999.0,148.0,382nm@ 1750-2250rpm,7.0,4
5257,Mercedes-Benz S-Class S 350 CDI,2017.0,600000.0,37000.0,Diesel,Dealer,Automatic,First Owner,13.0,2987.0,254.0,620Nm@ 1600-2400rpm,5.0,4
5258,BMW 5 Series 520d Sport Line,2018.0,400000.0,10000.0,Diesel,Dealer,Automatic,First Owner,22.0,1995.0,187.0,400Nm@ 1750-2500rpm,5.0,4
5260,Audi A4 35 TDI Premium Plus,2016.0,189899.9,46000.0,Diesel,Dealer,Automatic,First Owner,18.0,1968.0,187.0,400Nm@ 1750-3000rpm,5.0,4
5261,Honda CR-V 2.4L 4WD AT AVN,2017.0,165000.0,52000.0,Petrol,Dealer,Automatic,First Owner,12.0,2354.0,187.0,226Nm@ 4400rpm,5.0,4
5317,Mahindra XUV500 W9 BSIV,2018.0,152500.0,46000.0,Diesel,Individual,Manual,First Owner,15.0,2179.0,152.0,360Nm@ 1750-2800rpm,7.0,4
5354,Jeep Compass 2.0 Longitude BSIV,2017.0,155000.0,87500.0,Diesel,Individual,Manual,First Owner,17.0,1956.0,170.0,350Nm@ 1750-2500rpm,5.0,4
5399,Mercedes-Benz New C-Class C 250 CDI Elegance,2011.0,100000.0,90000.0,Diesel,Dealer,Automatic,First Owner,14.0,2143.0,204.0,500Nm@ 1600-1800rpm,5.0,4
5505,Mercedes-Benz E-Class E 220 CDI Avantgarde,2013.0,192500.0,91500.0,Diesel,Dealer,Automatic,First Owner,10.0,2148.0,170.0,400Nm@ 1400-2800rpm,5.0,4
5510,Skoda Kodiaq 2.0 TDI Style,2018.0,325100.0,17601.0,Diesel,Dealer,Automatic,First Owner,16.0,1968.0,148.0,340nm@ 1750-3000rpm,7.0,4
5527,Jaguar XF 3.0 Litre S Premium Luxury,2014.0,200000.0,51000.0,Diesel,Individual,Automatic,First Owner,14.0,2993.0,270.0,600Nm@ 2000rpm,5.0,4
5537,Mahindra XUV500 W10 2WD,2017.0,150000.0,66953.0,Diesel,Individual,Manual,First Owner,16.0,2179.0,140.0,330Nm@ 1600-2800rpm,7.0,4
5546,Audi A4 2.0 TDI 177 Bhp Premium Plus,2013.0,120000.0,110000.0,Diesel,Individual,Automatic,First Owner,17.0,1968.0,174.0,380Nm@ 1750-2500rpm,5.0,4
5613,Jaguar XE 2016-2019 2.0L Diesel Prestige,2017.0,271100.0,9000.0,Diesel,Dealer,Automatic,First Owner,13.0,1999.0,177.0,430Nm@ 1750-2500rpm,5.0,4
5614,Lexus ES 300h,2019.0,515000.0,20000.0,Petrol,Dealer,Automatic,First Owner,22.0,2487.0,214.0,202Nm@ 3600-5200rpm,5.0,4
5615,Jaguar XF 2.0 Diesel Portfolio,2017.0,320000.0,45000.0,Diesel,Dealer,Automatic,First Owner,19.0,1999.0,177.0,430Nm@ 1750-2500rpm,5.0,4
5617,Volvo XC40 D4 Inscription BSIV,2019.0,380000.0,20000.0,Diesel,Individual,Automatic,First Owner,18.0,1969.0,190.0,400Nm,5.0,4
5618,Toyota Camry 2.5 Hybrid,2016.0,200000.0,68089.0,Petrol,Trustmark Dealer,Automatic,First Owner,19.0,2494.0,157.0,213Nm@ 4500rpm,5.0,4
5627,BMW X4 M Sport X xDrive20d,2019.0,540000.0,7500.0,Diesel,Dealer,Automatic,First Owner,16.0,1995.0,190.0,400Nm@ 1750-2500rpm,5.0,4
5628,BMW X4 M Sport X xDrive20d,2019.0,550000.0,8500.0,Diesel,Dealer,Automatic,First Owner,16.0,1995.0,190.0,400Nm@ 1750-2500rpm,5.0,4
5631,Volvo V40 D3 R-Design,2018.0,247500.0,2000.0,Diesel,Dealer,Automatic,First Owner,16.0,1984.0,150.0,350Nm@ 1500-2750rpm,5.0,4
5646,Toyota Fortuner 2.8 4WD MT BSIV,2018.0,320000.0,50000.0,Diesel,Individual,Manual,First Owner,14.0,2755.0,174.0,420Nm@ 1400-2600rpm,7.0,4
5709,BMW 7 Series 730Ld,2010.0,200000.0,90000.0,Diesel,Individual,Automatic,Second Owner,14.0,2993.0,258.0,560Nm@ 1500rpm,5.0,4
5719,Mahindra XUV500 AT W10 AWD,2016.0,130000.0,40000.0,Diesel,Individual,Automatic,First Owner,16.0,2179.0,140.0,330Nm@ 1600-2800rpm,7.0,4
5773,Toyota Innova Crysta 2.4 VX MT BSIV,2018.0,193800.0,35000.0,Diesel,Individual,Manual,First Owner,13.0,2393.0,147.0,343Nm@ 1400-2800rpm,7.0,4
5822,Jaguar XF 3.0 Litre S Premium Luxury,2016.0,350000.0,35000.0,Diesel,Individual,Automatic,First Owner,14.0,2993.0,270.0,600Nm@ 2000rpm,5.0,4
5827,Jeep Compass 2.0 Longitude Option BSIV,2017.0,155000.0,50000.0,Diesel,Individual,Manual,First Owner,17.0,1956.0,170.0,350Nm@ 1750-2500rpm,5.0,4
5835,Isuzu D-Max V-Cross Z Prestige,2019.0,190000.0,30000.0,Diesel,Individual,Automatic,First Owner,12.0,1999.0,147.0,350nm@ 1800-2600rpm,5.0,4
5857,BMW 3 Series 320d Prestige,2015.0,165000.0,74000.0,Diesel,Individual,Automatic,First Owner,18.0,1995.0,184.0,380Nm@ 1750-2750rpm,5.0,4
5896,Mahindra XUV500 AT W9 2WD,2018.0,150000.0,20000.0,Diesel,Individual,Automatic,First Owner,16.0,2179.0,138.0,330Nm@ 1600-2800rpm,7.0,4
5941,BMW X1 sDrive20d M Sport,2011.0,107500.0,42545.0,Diesel,Dealer,Automatic,First Owner,19.0,1998.0,190.0,400nm@ 1750-2500rpm,5.0,4
6041,Toyota Fortuner 2.8 4WD AT BSIV,2017.0,310000.0,70000.0,Diesel,Individual,Automatic,First Owner,15.0,2755.0,174.0,450Nm@ 1600-2400rpm,7.0,4
6043,BMW X3 xDrive20d,2012.0,180000.0,50000.0,Diesel,Individual,Automatic,First Owner,16.0,1995.0,184.0,380Nm@ 1750-2750rpm,5.0,4
6045,Mercedes-Benz GLA Class 200 CDI SPORT,2017.0,210000.0,48000.0,Diesel,Individual,Automatic,Second Owner,17.0,2143.0,136.0,300Nm@ 1600-3000rpm,5.0,4
6077,Tata Hexa XE,2019.0,125000.0,15000.0,Diesel,Individual,Manual,First Owner,17.0,2179.0,147.0,320Nm@ 1500-3000rpm,7.0,4
6102,Mercedes-Benz New C-Class C 220 CDI BE Avantgare,2011.0,135000.0,81500.0,Diesel,Individual,Automatic,Second Owner,14.0,2143.0,167.0,400Nm@ 1400-2800rpm,5.0,4
6148,Mahindra XUV500 W10 2WD,2017.0,125000.0,60000.0,Diesel,Individual,Manual,First Owner,16.0,2179.0,140.0,330Nm@ 1600-2800rpm,7.0,4
6165,Jaguar XE 2016-2019 2.0L Diesel Prestige,2017.0,271100.0,9000.0,Diesel,Dealer,Automatic,First Owner,13.0,1999.0,177.0,430Nm@ 1750-2500rpm,5.0,4
6166,Lexus ES 300h,2019.0,515000.0,20000.0,Petrol,Dealer,Automatic,First Owner,22.0,2487.0,214.0,202Nm@ 3600-5200rpm,5.0,4
6167,Jaguar XF 2.0 Diesel Portfolio,2017.0,320000.0,45000.0,Diesel,Dealer,Automatic,First Owner,19.0,1999.0,177.0,430Nm@ 1750-2500rpm,5.0,4
6169,Volvo XC40 D4 Inscription BSIV,2019.0,380000.0,20000.0,Diesel,Individual,Automatic,First Owner,18.0,1969.0,190.0,400Nm,5.0,4
6170,Toyota Camry 2.5 Hybrid,2016.0,200000.0,68089.0,Petrol,Trustmark Dealer,Automatic,First Owner,19.0,2494.0,157.0,213Nm@ 4500rpm,5.0,4
6179,BMW X4 M Sport X xDrive20d,2019.0,540000.0,7500.0,Diesel,Dealer,Automatic,First Owner,16.0,1995.0,190.0,400Nm@ 1750-2500rpm,5.0,4
6180,BMW X4 M Sport X xDrive20d,2019.0,550000.0,8500.0,Diesel,Dealer,Automatic,First Owner,16.0,1995.0,190.0,400Nm@ 1750-2500rpm,5.0,4
6183,Volvo V40 D3 R-Design,2018.0,247500.0,2000.0,Diesel,Dealer,Automatic,First Owner,16.0,1984.0,150.0,350Nm@ 1500-2750rpm,5.0,4
6212,Volvo XC40 D4 Inscription BSIV,2019.0,380000.0,20000.0,Diesel,Individual,Automatic,First Owner,18.0,1969.0,190.0,400Nm,5.0,4
6214,Toyota Fortuner 2.8 4WD AT BSIV,2018.0,320000.0,60000.0,Diesel,Individual,Automatic,First Owner,15.0,2755.0,174.0,450Nm@ 1600-2400rpm,7.0,4
6216,Toyota Land Cruiser Prado VX L,2014.0,350000.0,60000.0,Diesel,Individual,Automatic,First Owner,11.0,2982.0,170.0,410Nm@ 1600-2800rpm,7.0,4
6219,Honda Civic ZX,2019.0,200000.0,24857.0,Petrol,Dealer,Automatic,Test Drive Car,16.0,1799.0,139.0,174Nm@ 4300rpm,5.0,4
6247,Mahindra XUV500 W10 2WD,2017.0,135000.0,20000.0,Diesel,Individual,Manual,First Owner,16.0,2179.0,140.0,330Nm@ 1600-2800rpm,7.0,4
6254,Tata Hexa XT,2018.0,152500.0,50000.0,Diesel,Individual,Manual,First Owner,17.0,2179.0,153.0,400Nm@ 1750-2500rpm,7.0,4
6257,BMW 6 Series GT 630d Luxury Line,2018.0,583000.0,30000.0,Diesel,Individual,Automatic,First Owner,17.0,2993.0,261.0,620Nm@ 2000-2500rpm,4.0,4
6281,Jeep Compass 1.4 Limited,2019.0,145000.0,22000.0,Petrol,Dealer,Automatic,First Owner,16.0,1368.0,160.0,250Nm@ 1750-2500rpm,5.0,4
6307,Mahindra XUV500 W10 2WD,2018.0,150000.0,30000.0,Diesel,Individual,Manual,First Owner,16.0,2179.0,140.0,330Nm@ 1600-2800rpm,7.0,4
6326,Mahindra XUV500 W10 1.99 mHawk,2018.0,140000.0,30000.0,Diesel,Individual,Manual,First Owner,16.0,1997.0,140.0,320Nm@ 1600-2800rpm,7.0,4
6336,BMW X1 sDrive20d,2011.0,100000.0,50000.0,Diesel,Individual,Automatic,First Owner,17.0,1995.0,184.0,380Nm@ 1750-2750rpm,5.0,4
6363,Tata Harrier XZ BSIV,2019.0,170000.0,15000.0,Diesel,Individual,Manual,First Owner,17.0,1956.0,138.0,350Nm@ 1750-2500rpm,5.0,4
6370,Ford Endeavour 2.2 Titanium AT 4X2,2016.0,240000.0,30000.0,Diesel,Individual,Automatic,First Owner,12.0,2198.0,158.0,385Nm@ 1600-2500rpm,7.0,4
6455,Jaguar XF 2.2 Litre Luxury,2015.0,300000.0,70000.0,Diesel,Individual,Automatic,Second Owner,16.0,2179.0,187.0,450Nm@ 2000rpm,5.0,4
6467,Ford Endeavour 3.2 Titanium AT 4X4,2018.0,320000.0,35000.0,Diesel,Individual,Automatic,First Owner,10.0,3198.0,197.0,470Nm@ 1750-2500rpm,7.0,4
6524,Tata Hexa XT,2017.0,128200.0,45000.0,Diesel,Individual,Manual,First Owner,17.0,2179.0,153.0,400Nm@ 1750-2500rpm,7.0,4
6553,Jaguar XE 2016-2019 2.0L Diesel Prestige,2017.0,271100.0,9000.0,Diesel,Dealer,Automatic,First Owner,13.0,1999.0,177.0,430Nm@ 1750-2500rpm,5.0,4
6554,Lexus ES 300h,2019.0,515000.0,20000.0,Petrol,Dealer,Automatic,First Owner,22.0,2487.0,214.0,202Nm@ 3600-5200rpm,5.0,4
6555,Jaguar XF 2.0 Diesel Portfolio,2017.0,320000.0,45000.0,Diesel,Dealer,Automatic,First Owner,19.0,1999.0,177.0,430Nm@ 1750-2500rpm,5.0,4
6557,Volvo XC40 D4 Inscription BSIV,2019.0,380000.0,20000.0,Diesel,Individual,Automatic,First Owner,18.0,1969.0,190.0,400Nm,5.0,4
6558,Toyota Camry 2.5 Hybrid,2016.0,200000.0,68089.0,Petrol,Trustmark Dealer,Automatic,First Owner,19.0,2494.0,157.0,213Nm@ 4500rpm,5.0,4
6567,BMW X4 M Sport X xDrive20d,2019.0,540000.0,7500.0,Diesel,Dealer,Automatic,First Owner,16.0,1995.0,190.0,400Nm@ 1750-2500rpm,5.0,4
6568,BMW X4 M Sport X xDrive20d,2019.0,550000.0,8500.0,Diesel,Dealer,Automatic,First Owner,16.0,1995.0,190.0,400Nm@ 1750-2500rpm,5.0,4
6571,Volvo V40 D3 R-Design,2018.0,247500.0,2000.0,Diesel,Dealer,Automatic,First Owner,16.0,1984.0,150.0,350Nm@ 1500-2750rpm,5.0,4
6572,Jaguar XE 2016-2019 2.0L Diesel Prestige,2017.0,271100.0,9000.0,Diesel,Dealer,Automatic,First Owner,13.0,1999.0,177.0,430Nm@ 1750-2500rpm,5.0,4
6573,Lexus ES 300h,2019.0,515000.0,20000.0,Petrol,Dealer,Automatic,First Owner,22.0,2487.0,214.0,202Nm@ 3600-5200rpm,5.0,4
6574,Jaguar XF 2.0 Diesel Portfolio,2017.0,320000.0,45000.0,Diesel,Dealer,Automatic,First Owner,19.0,1999.0,177.0,430Nm@ 1750-2500rpm,5.0,4
6576,Volvo XC40 D4 Inscription BSIV,2019.0,380000.0,20000.0,Diesel,Individual,Automatic,First Owner,18.0,1969.0,190.0,400Nm,5.0,4
6577,Toyota Camry 2.5 Hybrid,2016.0,200000.0,68089.0,Petrol,Trustmark Dealer,Automatic,First Owner,19.0,2494.0,157.0,213Nm@ 4500rpm,5.0,4
6586,BMW X4 M Sport X xDrive20d,2019.0,540000.0,7500.0,Diesel,Dealer,Automatic,First Owner,16.0,1995.0,190.0,400Nm@ 1750-2500rpm,5.0,4
6587,BMW X4 M Sport X xDrive20d,2019.0,550000.0,8500.0,Diesel,Dealer,Automatic,First Owner,16.0,1995.0,190.0,400Nm@ 1750-2500rpm,5.0,4
6590,Volvo V40 D3 R-Design,2018.0,247500.0,2000.0,Diesel,Dealer,Automatic,First Owner,16.0,1984.0,150.0,350Nm@ 1500-2750rpm,5.0,4
6637,Toyota Innova Crysta 2.4 ZX AT,2020.0,230000.0,1000.0,Diesel,Individual,Automatic,First Owner,13.0,2393.0,147.0,360Nm@ 1400-2600rpm,7.0,4
6644,BMW 3 Series 320d Highline,2012.0,110000.0,80000.0,Diesel,Individual,Automatic,Second Owner,16.0,1995.0,181.0,380Nm@ 1750-3000rpm,5.0,4
6680,Audi Q3 35 TDI Quattro Technology,2018.0,220000.0,25000.0,Diesel,Individual,Automatic,Second Owner,15.0,1968.0,181.0,380Nm@ 1750-3000rpm,5.0,4
6688,Jaguar XE 2016-2019 2.0L Diesel Prestige,2017.0,271100.0,9000.0,Diesel,Dealer,Automatic,First Owner,13.0,1999.0,177.0,430Nm@ 1750-2500rpm,5.0,4
6689,Lexus ES 300h,2019.0,515000.0,20000.0,Petrol,Dealer,Automatic,First Owner,22.0,2487.0,214.0,202Nm@ 3600-5200rpm,5.0,4
6690,Jaguar XF 2.0 Diesel Portfolio,2017.0,320000.0,45000.0,Diesel,Dealer,Automatic,First Owner,19.0,1999.0,177.0,430Nm@ 1750-2500rpm,5.0,4
6692,Volvo XC40 D4 Inscription BSIV,2019.0,380000.0,20000.0,Diesel,Individual,Automatic,First Owner,18.0,1969.0,190.0,400Nm,5.0,4
6693,Toyota Camry 2.5 Hybrid,2016.0,200000.0,68089.0,Petrol,Trustmark Dealer,Automatic,First Owner,19.0,2494.0,157.0,213Nm@ 4500rpm,5.0,4
6702,BMW X4 M Sport X xDrive20d,2019.0,540000.0,7500.0,Diesel,Dealer,Automatic,First Owner,16.0,1995.0,190.0,400Nm@ 1750-2500rpm,5.0,4
6703,BMW X4 M Sport X xDrive20d,2019.0,550000.0,8500.0,Diesel,Dealer,Automatic,First Owner,16.0,1995.0,190.0,400Nm@ 1750-2500rpm,5.0,4
6706,Volvo V40 D3 R-Design,2018.0,247500.0,2000.0,Diesel,Dealer,Automatic,First Owner,16.0,1984.0,150.0,350Nm@ 1500-2750rpm,5.0,4
6719,Jeep Compass 2.0 Longitude Option BSIV,2019.0,185000.0,14000.0,Diesel,Individual,Manual,First Owner,17.0,1956.0,170.0,350Nm@ 1750-2500rpm,5.0,4
6723,Land Rover Range Rover Evoque 2.2L Pure,2013.0,200000.0,77500.0,Diesel,Individual,Automatic,Third Owner,12.0,2179.0,187.0,420Nm@ 2000rpm,5.0,4
6894,Mahindra XUV500 W9 2WD,2018.0,135000.0,40000.0,Diesel,Individual,Manual,First Owner,16.0,2179.0,138.0,330Nm@ 1600-2800rpm,7.0,4
6899,Jeep Compass 1.4 Sport,2019.0,152000.0,10000.0,Petrol,Individual,Manual,First Owner,16.0,1368.0,160.0,250Nm@ 1750-2500rpm,5.0,4
6902,Mahindra XUV500 W10 2WD,2016.0,135000.0,25000.0,Diesel,Individual,Manual,First Owner,16.0,2179.0,140.0,330Nm@ 1600-2800rpm,7.0,4
6958,Jaguar XE 2016-2019 2.0L Diesel Prestige,2017.0,271100.0,9000.0,Diesel,Dealer,Automatic,First Owner,13.0,1999.0,177.0,430Nm@ 1750-2500rpm,5.0,4
6959,Lexus ES 300h,2019.0,515000.0,20000.0,Petrol,Dealer,Automatic,First Owner,22.0,2487.0,214.0,202Nm@ 3600-5200rpm,5.0,4
6960,Jaguar XF 2.0 Diesel Portfolio,2017.0,320000.0,45000.0,Diesel,Dealer,Automatic,First Owner,19.0,1999.0,177.0,430Nm@ 1750-2500rpm,5.0,4
6962,Volvo XC40 D4 Inscription BSIV,2019.0,380000.0,20000.0,Diesel,Individual,Automatic,First Owner,18.0,1969.0,190.0,400Nm,5.0,4
6963,Toyota Camry 2.5 Hybrid,2016.0,200000.0,68089.0,Petrol,Trustmark Dealer,Automatic,First Owner,19.0,2494.0,157.0,213Nm@ 4500rpm,5.0,4
6972,BMW X4 M Sport X xDrive20d,2019.0,540000.0,7500.0,Diesel,Dealer,Automatic,First Owner,16.0,1995.0,190.0,400Nm@ 1750-2500rpm,5.0,4
6973,BMW X4 M Sport X xDrive20d,2019.0,550000.0,8500.0,Diesel,Dealer,Automatic,First Owner,16.0,1995.0,190.0,400Nm@ 1750-2500rpm,5.0,4
6976,Volvo V40 D3 R-Design,2018.0,247500.0,2000.0,Diesel,Dealer,Automatic,First Owner,16.0,1984.0,150.0,350Nm@ 1500-2750rpm,5.0,4
7038,Chevrolet Cruze LTZ AT,2015.0,45000.0,155000.0,Diesel,Individual,Automatic,First Owner,14.0,1998.0,163.0,360Nm@ 2000rpm,5.0,4
7046,Mitsubishi Pajero Sport 4X4 Dual Tone,2016.0,195000.0,120000.0,Diesel,Individual,Manual,First Owner,13.0,2477.0,175.0,400Nm@ 2000-2500rpm,7.0,4
7076,Audi A3 35 TDI Premium Plus,2018.0,300000.0,20000.0,Diesel,Individual,Automatic,First Owner,20.0,1968.0,143.0,320Nm@ 1750-3000rpm,5.0,4
7128,Jeep Compass 2.0 Limited Option,2017.0,150000.0,12000.0,Diesel,Individual,Manual,First Owner,17.0,1956.0,170.0,350Nm@ 1750-2500rpm,5.0,4
7161,Tata Hexa XT,2017.0,120000.0,150000.0,Diesel,Individual,Manual,First Owner,17.0,2179.0,153.0,400Nm@ 1750-2500rpm,7.0,4
7162,Tata Hexa XM,2017.0,125100.0,35000.0,Diesel,Individual,Manual,First Owner,17.0,2179.0,153.0,400Nm@ 1750-2500rpm,7.0,4
7175,Tata Hexa XTA,2017.0,144500.0,60000.0,Diesel,Individual,Automatic,First Owner,17.0,2179.0,153.0,400Nm@ 1750-2500rpm,7.0,4
7177,Mercedes-Benz GLA Class 200,2016.0,200000.0,70000.0,Petrol,Individual,Automatic,First Owner,13.0,1991.0,183.0,300Nm@ 1200-1400rpm,5.0,4
7277,Mahindra XUV500 W5 BSIV,2018.0,105100.0,59865.0,Diesel,Dealer,Manual,First Owner,15.0,2179.0,152.0,360Nm@ 1750-2800rpm,7.0,4
7323,Audi Q3 2.0 TDI Quattro Premium Plus,2017.0,282500.0,22000.0,Diesel,Dealer,Automatic,First Owner,15.0,1968.0,174.0,380Nm@ 1750-2500rpm,5.0,4
7325,BMW X1 sDrive20d M Sport,2018.0,335000.0,18000.0,Diesel,Dealer,Automatic,First Owner,19.0,1998.0,190.0,400nm@ 1750-2500rpm,5.0,4
7330,Toyota Innova Crysta 2.8 GX AT 8S BSIV,2018.0,180000.0,20000.0,Diesel,Dealer,Automatic,First Owner,11.0,2755.0,171.0,360Nm@ 1200-3400rpm,8.0,4
7336,Mercedes-Benz GLC 220d 4MATIC,2017.0,330000.0,60000.0,Diesel,Dealer,Automatic,First Owner,0.0,1950.0,194.0,400nm@ 2800rpm,5.0,4
7339,Mercedes-Benz GL-Class 220d 4MATIC Sport,2018.0,460000.0,6000.0,Diesel,Dealer,Automatic,First Owner,17.0,2143.0,170.0,400Nm@ 1400-2800rpm,5.0,4
7340,Force Gurkha Hard Top BS3 4WD,2018.0,91000.0,20000.0,Diesel,Dealer,Manual,First Owner,17.0,2596.0,80.0,230Nm@ 1800-2000rpm,5.0,4
7342,BMW X4 M Sport X xDrive20d,2019.0,580000.0,21000.0,Diesel,Dealer,Automatic,First Owner,16.0,1995.0,190.0,400Nm@ 1750-2500rpm,5.0,4
7373,Audi A4 35 TDI Premium Plus,2016.0,245000.0,30000.0,Diesel,Dealer,Automatic,First Owner,18.0,1968.0,187.0,400Nm@ 1750-3000rpm,5.0,4
7378,Audi A6 2.0 TDI Premium Plus,2013.0,200000.0,35000.0,Diesel,Individual,Automatic,Second Owner,17.0,1968.0,174.0,380Nm@ 1750-2500rpm,5.0,4
7402,Chevrolet Cruze LTZ AT,2016.0,75000.0,67600.0,Diesel,Individual,Automatic,First Owner,14.0,1998.0,163.0,360Nm@ 2000rpm,5.0,4
7446,Mercedes-Benz B Class B200 CDI Sport,2016.0,185900.0,40000.0,Diesel,Individual,Automatic,Second Owner,19.0,2143.0,134.0,300Nm@ 1600-3000rpm,5.0,4
7476,Jeep Compass 2.0 Longitude BSIV,2017.0,155000.0,87500.0,Diesel,Individual,Manual,First Owner,17.0,1956.0,170.0,350Nm@ 1750-2500rpm,5.0,4
7494,Jeep Compass 2.0 Limited,2017.0,155000.0,120000.0,Diesel,Individual,Manual,First Owner,17.0,1956.0,170.0,350Nm@ 1750-2500rpm,5.0,4
7505,Mercedes-Benz GL-Class 350 CDI Blue Efficiency,2014.0,325000.0,33000.0,Diesel,Individual,Automatic,First Owner,11.0,2987.0,254.0,619Nm@ 1600-2400rpm,7.0,4
7507,Audi A6 2.0 TDI,2014.0,220000.0,60000.0,Diesel,Individual,Automatic,First Owner,17.0,1968.0,174.0,380Nm@ 1750-2500rpm,5.0,4
7515,Volvo XC60 Inscription D5 BSIV,2018.0,550000.0,50000.0,Diesel,Individual,Automatic,First Owner,11.0,1969.0,235.0,480Nm,5.0,4
7521,Toyota Innova Crysta 2.8 ZX AT BSIV,2017.0,217500.0,50000.0,Diesel,Individual,Automatic,First Owner,11.0,2755.0,171.0,360Nm@ 1200-3400rpm,7.0,4
7552,Chevrolet Cruze LTZ AT,2016.0,75000.0,67600.0,Diesel,Individual,Automatic,First Owner,14.0,1998.0,163.0,360Nm@ 2000rpm,5.0,4
7595,BMW 6 Series GT 630d Luxury Line,2018.0,583000.0,30000.0,Diesel,Individual,Automatic,First Owner,17.0,2993.0,261.0,620Nm@ 2000-2500rpm,4.0,4
7660,Toyota Fortuner 2.8 4WD AT BSIV,2020.0,320000.0,3000.0,Diesel,Individual,Automatic,First Owner,15.0,2755.0,174.0,450Nm@ 1600-2400rpm,7.0,4
7698,Audi Q5 35TDI Premium Plus,2018.0,397500.0,31800.0,Diesel,Dealer,Automatic,First Owner,17.0,1968.0,188.0,400nm@ 1750-3000rpm,5.0,4
7699,Honda CR-V 2.0L 2WD AT,2016.0,135000.0,74000.0,Petrol,Dealer,Automatic,First Owner,13.0,1997.0,153.0,190Nm@ 4300rpm,5.0,4
7700,Lexus ES 300h,2019.0,515000.0,20000.0,Petrol,Dealer,Automatic,First Owner,22.0,2487.0,214.0,202Nm@ 3600-5200rpm,5.0,4
7701,Jaguar XF 2.0 Diesel Portfolio,2017.0,320000.0,45000.0,Diesel,Dealer,Automatic,First Owner,19.0,1999.0,177.0,430Nm@ 1750-2500rpm,5.0,4
7702,Jeep Wrangler 2016-2019 3.6 4X4,2017.0,410000.0,17000.0,Petrol,Individual,Automatic,First Owner,9.0,3604.0,280.0,347Nm@ 4300rpm,5.0,4
7704,Toyota Camry 2.5 Hybrid,2016.0,200000.0,68089.0,Petrol,Trustmark Dealer,Automatic,First Owner,19.0,2494.0,157.0,213Nm@ 4500rpm,5.0,4
7708,BMW 5 Series 520d Sport Line,2018.0,400000.0,10000.0,Diesel,Dealer,Automatic,First Owner,22.0,1995.0,187.0,400Nm@ 1750-2500rpm,5.0,4
7709,Mercedes-Benz E-Class Exclusive E 200 BSIV,2019.0,520000.0,17000.0,Petrol,Dealer,Automatic,First Owner,15.0,1991.0,194.0,300Nm@ 1600-4000rpm,5.0,4
7710,Land Rover Discovery Sport TD4 SE,2019.0,450000.0,21000.0,Diesel,Dealer,Automatic,First Owner,12.0,1999.0,148.0,382nm@ 1750-2250rpm,7.0,4
7711,Tata Hexa XE,2017.0,96999.9,26500.0,Diesel,Dealer,Manual,First Owner,17.0,2179.0,147.0,320Nm@ 1500-3000rpm,7.0,4
7712,Mercedes-Benz S-Class S 350 CDI,2017.0,600000.0,37000.0,Diesel,Dealer,Automatic,First Owner,13.0,2987.0,254.0,620Nm@ 1600-2400rpm,5.0,4
7715,Honda CR-V 2.4L 4WD AT AVN,2017.0,165000.0,52000.0,Petrol,Dealer,Automatic,First Owner,12.0,2354.0,187.0,226Nm@ 4400rpm,5.0,4
7743,Jeep Compass 1.4 Limited Plus BSIV,2019.0,210000.0,5000.0,Petrol,Individual,Automatic,First Owner,16.0,1368.0,160.0,250Nm@ 1750-2500rpm,5.0,4
7745,Isuzu D-Max V-Cross 4X4,2017.0,125000.0,56800.0,Diesel,Individual,Manual,First Owner,12.0,2499.0,134.0,320Nm@ 1800-2800rpm,5.0,4
7746,Audi A4 2.0 TDI,2014.0,150000.0,60000.0,Diesel,Individual,Automatic,First Owner,16.0,1968.0,147.0,320Nm@ 1750-2500rpm,5.0,4
7755,BMW 3 Series 320d GT Luxury Line,2017.0,295000.0,39000.0,Diesel,Dealer,Automatic,First Owner,19.0,1995.0,187.0,380Nm@ 1750-2750rpm,5.0,4
7756,BMW 5 Series 520d Luxury Line,2019.0,520000.0,10000.0,Diesel,Dealer,Automatic,First Owner,18.0,1995.0,190.0,400Nm@ 1750-2500rpm,5.0,4
7774,Audi Q5 3.0 TDI Quattro,2014.0,185000.0,76131.0,Diesel,Individual,Automatic,First Owner,13.0,2967.0,241.0,580Nm@ 1400-3250rpm,5.0,4
7777,Tata Hexa XT,2017.0,128200.0,45000.0,Diesel,Individual,Manual,First Owner,17.0,2179.0,153.0,400Nm@ 1750-2500rpm,7.0,4
7796,Mercedes-Benz B Class B200 CDI Sport,2015.0,205100.0,35000.0,Diesel,Dealer,Automatic,Second Owner,19.0,2143.0,134.0,300Nm@ 1600-3000rpm,5.0,4
7807,Mercedes-Benz M-Class ML 350 CDI,2014.0,257500.0,70000.0,Diesel,Individual,Automatic,First Owner,11.0,2987.0,254.0,619Nm@ 1600-2400rpm,5.0,4
7810,Audi Q3 2.0 TDI Quattro Premium Plus,2014.0,120000.0,230000.0,Diesel,Individual,Automatic,First Owner,15.0,1968.0,174.0,380Nm@ 1750-2500rpm,5.0,4
7819,BMW 3 Series 320d Corporate Edition,2012.0,90000.0,155000.0,Diesel,Individual,Automatic,Second Owner,16.0,1995.0,181.0,380Nm@ 1750rpm,4.0,4
7857,Jaguar XE 2016-2019 2.0L Diesel Prestige,2017.0,271100.0,9000.0,Diesel,Dealer,Automatic,First Owner,13.0,1999.0,177.0,430Nm@ 1750-2500rpm,5.0,4
7858,Lexus ES 300h,2019.0,515000.0,20000.0,Petrol,Dealer,Automatic,First Owner,22.0,2487.0,214.0,202Nm@ 3600-5200rpm,5.0,4
7859,Jaguar XF 2.0 Diesel Portfolio,2017.0,320000.0,45000.0,Diesel,Dealer,Automatic,First Owner,19.0,1999.0,177.0,430Nm@ 1750-2500rpm,5.0,4
7861,Volvo XC40 D4 Inscription BSIV,2019.0,380000.0,20000.0,Diesel,Individual,Automatic,First Owner,18.0,1969.0,190.0,400Nm,5.0,4
7862,Toyota Camry 2.5 Hybrid,2016.0,200000.0,68089.0,Petrol,Trustmark Dealer,Automatic,First Owner,19.0,2494.0,157.0,213Nm@ 4500rpm,5.0,4
7871,BMW X4 M Sport X xDrive20d,2019.0,540000.0,7500.0,Diesel,Dealer,Automatic,First Owner,16.0,1995.0,190.0,400Nm@ 1750-2500rpm,5.0,4
7872,BMW X4 M Sport X xDrive20d,2019.0,550000.0,8500.0,Diesel,Dealer,Automatic,First Owner,16.0,1995.0,190.0,400Nm@ 1750-2500rpm,5.0,4
7875,Volvo V40 D3 R-Design,2018.0,247500.0,2000.0,Diesel,Dealer,Automatic,First Owner,16.0,1984.0,150.0,350Nm@ 1500-2750rpm,5.0,4
7918,Mercedes-Benz E-Class E250 CDI Elegance,2011.0,160000.0,70000.0,Diesel,Individual,Automatic,First Owner,14.0,2143.0,203.0,500Nm@ 1600-1800rpm,5.0,4
7919,Tata Hexa XT,2017.0,140000.0,70000.0,Diesel,Individual,Manual,First Owner,17.0,2179.0,153.0,400Nm@ 1750-2500rpm,7.0,4
7921,Skoda Kodiaq 2.0 TDI Style,2018.0,280000.0,40000.0,Diesel,Individual,Automatic,First Owner,16.0,1968.0,148.0,340nm@ 1750-3000rpm,7.0,4
7929,Volvo S90 D4 Inscription BSIV,2019.0,550000.0,17000.0,Diesel,Individual,Automatic,First Owner,18.0,1969.0,190.0,400Nm,5.0,4
7930,Ford Endeavour 2.2 Titanium AT 4X2,2016.0,210000.0,85000.0,Diesel,Individual,Automatic,Second Owner,12.0,2198.0,158.0,385Nm@ 1600-2500rpm,7.0,4
7966,BMW 3 Series 320d Sedan,2011.0,150000.0,84925.0,Diesel,Individual,Automatic,First Owner,16.0,1995.0,181.0,380Nm@ 1750-3000rpm,5.0,4
8057,Audi A3 40 TFSI Premium,2017.0,168999.9,8000.0,Petrol,Dealer,Automatic,First Owner,16.0,1798.0,177.0,250Nm@ 1250-5000rpm,5.0,4
